contract_id	contract_no	lvl	n_lvl	cs	ce	ma	scope	ratio	is_head	is_anchor
11	S10-0011	1	2	2022-12-01	2025-11-30	38950.00	rmi	1.000000	0	1
11	S10-0011	2	2	2025-12-01	2028-11-30	42845.00	rmi	1.100000	1	0
14	S10-0014	1	2	2023-03-03	2026-03-02	24000.00	rmi	1.000000	0	1
14	S10-0014	2	2	2026-03-03	2029-03-02	26400.00	rmi	1.100000	1	0
17	S10-0017	1	2	2023-05-23	2026-05-22	20500.00	rmi	1.000000	0	1
17	S10-0017	2	2	2026-05-23	2028-05-22	22550.00	rmi	1.100000	1	0
24	S10-0024	1	2	2023-09-11	2026-09-10	4117.50	rmi	1.000000	0	1
24	S10-0024	2	2	2026-09-11	2029-09-10	4529.25	rmi	1.100000	1	0
27	S10-0027	1	3	2023-10-15	2026-10-14	15750.00	rmi	1.000000	0	1
27	S10-0027	2	3	2026-10-15	2029-10-14	17325.00	rmi	1.100000	0	0
27	S10-0027	3	3	2029-10-15	2032-10-14	19923.75	rmi	1.265000	1	0
31	S10-0031	1	3	2024-01-01	2026-12-31	95400.00	rmi	1.000000	0	1
31	S10-0031	2	3	2027-01-01	2029-12-31	104940.00	rmi	1.100000	0	0
31	S10-0031	3	3	2030-01-01	2032-12-31	120681.00	rmi	1.265000	1	0
69	S10-0069	1	2	2023-07-01	2026-06-30	12057.50	rmi	1.000000	0	1
69	S10-0069	2	2	2026-07-01	2028-06-30	13263.30	rmi	1.100004	1	0
71	S10-0071	1	2	2023-07-07	2026-07-06	6383.00	rmi	0.909091	0	0
71	S10-0071	2	2	2026-07-07	2029-07-06	7021.30	rmi	1.000000	1	1
72	S10-0072	1	2	2023-07-17	2026-07-16	1265.00	rmi	1.000000	0	1
72	S10-0072	2	2	2026-07-17	2028-07-16	1391.50	rmi	1.100000	1	0
74	S10-0074	1	2	2023-08-10	2024-08-09	4770.00	rmi	1.000000	0	1
74	S10-0074	2	2	2024-08-10	2026-08-09	5570.00	rmi	1.167715	1	0
77	S10-0077	1	3	2023-10-07	2026-10-06	1275.00	rmi	1.000000	0	1
77	S10-0077	2	3	2026-10-07	2029-10-06	1403.00	rmi	1.100392	0	0
77	S10-0077	3	3	2029-10-07	2032-10-06	1613.00	rmi	1.265098	1	0
78	S10-0078	1	2	2023-10-01	2026-09-30	5207.00	rmi	1.000000	0	1
78	S10-0078	2	2	2026-10-01	2028-09-30	5727.70	rmi	1.100000	1	0
80	S10-0080	1	3	2023-10-12	2026-10-11	35200.00	rmi	0.909091	0	0
80	S10-0080	2	3	2026-10-12	2029-10-11	38720.00	rmi	1.000000	0	1
80	S10-0080	3	3	2029-10-12	2032-10-11	44528.00	rmi	1.150000	1	0
82	S10-0082	1	2	2023-11-24	2026-11-23	1479.00	rmi	1.000000	0	1
82	S10-0082	2	2	2026-11-24	2029-11-23	1626.90	rmi	1.100000	1	0
100	S10-0100	1	2	2022-04-25	2025-05-09	5614.80	rmi	1.000000	0	1
100	S10-0100	2	2	2025-05-10	2027-05-09	6176.20	rmi	1.099986	1	0
136	S10-0136	1	2	2022-12-01	2025-11-30	1400.00	rmi	1.000000	0	1
136	S10-0136	2	2	2025-12-01	2028-11-30	1540.00	rmi	1.100000	1	0
138	S10-0138	1	2	2023-09-01	2026-08-31	6076.00	rmi	1.000000	0	1
138	S10-0138	2	2	2026-09-01	2029-08-31	6683.60	rmi	1.100000	1	0
139	S10-0139	1	2	2023-09-01	2026-08-31	3038.00	rmi	1.000000	0	1
139	S10-0139	2	2	2026-09-01	2029-08-31	3341.80	rmi	1.100000	1	0
144	S10-0144	1	2	2023-09-01	2026-08-31	2940.00	rmi	1.000000	0	1
144	S10-0144	2	2	2026-09-01	2029-08-31	3234.00	rmi	1.100000	1	0
146	S10-0146	1	2	2023-04-25	2026-04-24	1274.00	rmi	1.000000	0	1
146	S10-0146	2	2	2026-04-25	2028-04-24	1401.40	rmi	1.100000	1	0
153	S10-0153	1	2	2024-01-01	2026-12-31	9878.40	rmi	1.000000	0	1
153	S10-0153	2	2	2027-01-01	2028-12-31	10866.24	rmi	1.100000	1	0
154	S10-0154	1	2	2023-05-25	2026-05-24	2450.00	rmi	1.000000	0	1
154	S10-0154	2	2	2026-05-25	2029-05-24	2695.00	rmi	1.100000	1	0
156	S10-0156	1	3	2023-10-01	2026-09-30	4557.00	rmi	1.000000	0	1
156	S10-0156	2	3	2026-10-01	2029-09-30	5012.70	rmi	1.100000	0	0
156	S10-0156	3	3	2029-10-01	2032-09-30	5764.61	rmi	1.265001	1	0
157	S10-0157	1	3	2023-10-01	2026-09-30	4557.00	rmi	1.000000	0	1
157	S10-0157	2	3	2026-10-01	2029-09-30	5012.70	rmi	1.100000	0	0
157	S10-0157	3	3	2029-10-01	2032-09-30	5764.61	rmi	1.265001	1	0
161	S10-0161	1	2	2024-01-01	2026-12-31	4449.20	rmi	1.000000	0	1
161	S10-0161	2	2	2027-01-01	2028-12-31	4894.12	rmi	1.100000	1	0
167	S10-0167	1	3	2023-11-15	2026-11-14	1274.00	rmi	1.000000	0	1
167	S10-0167	2	3	2026-11-15	2029-11-14	1401.40	rmi	1.100000	0	0
167	S10-0167	3	3	2029-11-15	2032-11-14	1611.61	rmi	1.265000	1	0
193	S10-0193	1	3	2022-10-10	2025-10-09	81237.00	rmi	1.000000	0	1
193	S10-0193	2	3	2025-10-10	2028-10-09	89360.00	rmi	1.099991	0	0
193	S10-0193	3	3	2028-10-10	2031-10-09	100977.00	rmi	1.242993	1	0
195	S10-0195	1	3	2022-10-19	2025-10-18	21115.00	rmi	1.000000	0	1
195	S10-0195	2	3	2025-10-19	2028-10-18	23226.50	rmi	1.100000	0	0
195	S10-0195	3	3	2028-10-19	2031-10-18	26710.46	rmi	1.264999	1	0
196	S10-0196	1	2	2022-11-03	2025-11-02	22386.00	rmi	1.000000	0	1
196	S10-0196	2	2	2025-11-03	2028-11-02	24624.70	rmi	1.100004	1	0
201	S10-0201	1	2	2022-12-10	2025-12-09	19000.00	rmi	1.000000	0	1
201	S10-0201	2	2	2025-12-10	2028-12-09	20900.00	rmi	1.100000	1	0
203	S10-0203	1	2	2023-02-20	2026-02-19	21500.00	rmi	0.909091	0	0
203	S10-0203	2	2	2026-02-20	2029-02-19	23650.00	rmi	1.000000	1	1
204	S10-0204	1	3	2023-03-01	2026-02-28	75000.00	rmi	0.909091	0	0
204	S10-0204	2	3	2026-03-01	2029-02-28	82500.00	rmi	1.000000	0	1
204	S10-0204	3	3	2029-03-01	2032-02-28	94875.00	rmi	1.150000	1	0
206	S10-0206	1	2	2023-08-23	2026-08-22	11000.00	rmi	1.000000	0	1
206	S10-0206	2	2	2026-08-23	2029-08-22	12100.00	rmi	1.100000	1	0
208	S10-0208	1	2	2023-07-10	2026-07-09	5381.00	rmi	1.000000	0	1
208	S10-0208	2	2	2026-07-10	2029-07-09	5919.00	rmi	1.099981	1	0
210	S10-0210	1	2	2023-07-04	2026-07-03	8173.00	rmi	1.000000	0	1
210	S10-0210	2	2	2026-07-04	2028-07-03	8990.30	rmi	1.100000	1	0
211	S10-0211	1	2	2023-10-30	2026-10-29	61200.00	rmi	1.000000	0	1
211	S10-0211	2	2	2026-10-30	2029-10-29	67320.00	rmi	1.100000	1	0
212	S10-0212	1	4	2022-12-09	2025-12-08	57500.00	rmi	1.000000	0	1
212	S10-0212	2	4	2025-12-09	2028-12-08	63250.00	rmi	1.100000	0	0
212	S10-0212	3	4	2028-12-09	2031-12-08	72737.55	rmi	1.265001	0	0
212	S10-0212	4	4	2031-12-09	2034-12-08	80011.26	rmi	1.391500	1	0
221	S10-0221	1	3	2022-12-26	2025-12-25	23985.50	rmi	1.000000	0	1
221	S10-0221	2	3	2025-12-26	2028-12-25	26384.05	rmi	1.100000	0	0
221	S10-0221	3	3	2028-12-26	2031-12-25	30341.66	rmi	1.265000	1	0
297	C2024M-002	1	3	2020-03-16	2023-03-15	31437.75	rmi	0.909091	0	0
297	C2024M-002	2	3	2023-03-16	2026-03-15	34581.53	rmi	1.000000	0	1
297	C2024M-002	3	3	2026-03-16	2029-03-15	38039.69	rmi	1.100000	1	0
--- MANUAL ---
--- MANUAL ---
contract_id	contract_no	reason	detail
95	S10-0095	bad-partition	start_gap=0 end_gap=0 seam_bad=1
95	S10-0095	child-no-billing	子期 C2024M-008 无计费行,档价仅存阶梯表
302	C2024M-007	child-no-billing	子期 C2024M-020 无计费行,档价仅存阶梯表
6	S10-0006	missing-ma	1 档缺月额
18	S10-0018	no-anchor	best=0.1696 rel2=0.2865 scope=rmi
64	S10-0064	no-anchor	best=0.0288 rel2=0.0648 scope=rmi
79	S10-0079	no-anchor	best=0.4385 rel2=0.6543 scope=rent
107	S10-0107	no-anchor	best=0.0748 rel2=0.1823 scope=rmi
209	S10-0209	no-anchor	best=0.0375 rel2=0.0587 scope=rmi
192	S10-0192	no-dated-tier	NULL
198	S10-0198	no-dated-tier	NULL
56	S10-0056	rent-scope-needs-review	rel=0.0000 档构成需按 tier note 人工核对 mgmt/infra 是否随档递增
67	S10-0067	rent-scope-needs-review	rel=0.0075 档构成需按 tier note 人工核对 mgmt/infra 是否随档递增
99	S10-0099	rent-scope-needs-review	rel=0.0145 档构成需按 tier note 人工核对 mgmt/infra 是否随档递增
298	C2024M-003	rent-scope-needs-review	rel=0.0160 档构成需按 tier note 人工核对 mgmt/infra 是否随档递增
59	S10-0059	tiers-outside-period	NULL
145	S10-0145	tiers-outside-period	NULL
--- DIGEST(期内单档消化) ---
--- DIGEST(期内单档消化) ---
contract_id	contract_no
10	S10-0010
70	S10-0070
104	S10-0104
106	S10-0106
141	S10-0141
150	S10-0150
160	S10-0160
162	S10-0162
163	S10-0163
164	S10-0164
166	S10-0166
205	S10-0205
213	S10-0213
