面,期区,键,引擎池/户,列,源册,引擎,引擎−源册,可能原因(提示),源册单元格
池,p1,招商中心电1,#23 一期 招商中心·四楼·净电,用量,0,852.23,852.23,源册 S 格空(该月未计该池);引擎按读数计,公共电分摊明细!S8=0
池,p1,招商中心电1,#23 一期 招商中心·四楼·净电,应分摊,0,939.39,939.39,跟随用量差,公共电分摊明细!AD8=0
池,p1,招商中心电1,#23 一期 招商中心·四楼·净电,标准,0,939.39,939.39,跟随用量差,公共电分摊明细!AC8=0
池,p1,A4东侧公共,#32 一期 A座·四楼东侧·公共用电,标准,0.07,0.1,0.03,跟随基数差,公共电分摊明细!AC19=0.07
池,p1,A4东侧公共,#32 一期 A座·四楼东侧·公共用电,基数,830.79,579.13,-251.66,按月事实:面积基数(源册 公共电分摊明细 AA19),公共电分摊明细!AA19=830.79
池,p1,A4西侧走廊灯,#33 一期 A座·四楼西侧·走廊灯,标准,0.05,0.1,0.05,跟随基数差,公共电分摊明细!AC20=0.05
池,p1,A4西侧走廊灯,#33 一期 A座·四楼西侧·走廊灯,基数,1388.1,734.02,-654.08,按月事实:面积基数(源册 公共电分摊明细 AA20),公共电分摊明细!AA20=1388.1
池,p1,A4西侧消防灯,#34 一期 A座·四楼西侧·应急灯,基数,1388.1,734.02,-654.08,按月事实:面积基数(源册 公共电分摊明细 AA21),公共电分摊明细!AA21=1388.1
池,p1,A6东侧走廊灯,#37 一期 A座·六楼东侧·走廊灯,标准,0.05,0.06,0.01,跟随基数差,公共电分摊明细!AC24=0.05
池,p1,A6东侧走廊灯,#37 一期 A座·六楼东侧·走廊灯,基数,1512.69,1417.26,-95.43,按月事实:面积基数(源册 公共电分摊明细 AA24),公共电分摊明细!AA24=1512.69
池,p1,A6东侧消防灯,#38 一期 A座·六楼东侧·应急灯,基数,1512.69,1417.26,-95.43,按月事实:面积基数(源册 公共电分摊明细 AA25),公共电分摊明细!AA25=1512.69
池,p1,C2消防,#53 一期 C座·二楼·消防,用量,26.48,16.85,-9.63,"源册分摊页用量 ≠ 抄表页用量 16.85,引擎取抄表页",公共电分摊明细!S51=26.48
池,p1,C2消防,#53 一期 C座·二楼·消防,应分摊,29.19,18.57,-10.62,跟随用量差,公共电分摊明细!AD51=29.19
池,p1,C2消防,#53 一期 C座·二楼·消防,标准,0.02,0.01,-0.01,"跟随基数差;应分摊也有差,见应分摊行",公共电分摊明细!AC51=0.02
池,p1,C2消防,#53 一期 C座·二楼·消防,基数,1171.65,1503.1,331.45,按月事实:面积基数(源册 公共电分摊明细 AA51),公共电分摊明细!AA51=1171.65
池,p1,C2走廊,#54 一期 C座·二楼·走廊灯,用量,6.86,3.5,-3.36,"源册分摊页用量 ≠ 抄表页用量 3.5,引擎取抄表页",公共电分摊明细!S52=6.86
池,p1,C2走廊,#54 一期 C座·二楼·走廊灯,应分摊,7.56,3.86,-3.7,跟随用量差,公共电分摊明细!AD52=7.56
池,p1,C2走廊,#54 一期 C座·二楼·走廊灯,标准,0.01,0,-0.01,"跟随基数差;应分摊也有差,见应分摊行",公共电分摊明细!AC52=0.01
池,p1,C2走廊,#54 一期 C座·二楼·走廊灯,基数,1171.65,1503.1,331.45,按月事实:面积基数(源册 公共电分摊明细 AA52),公共电分摊明细!AA52=1171.65
池,p1,F西侧货梯,#89 一期 F座·天面·货梯,用量,120,0,-120,"源册 S 格手输 120(无公式,读数未变),引擎按读数 0",公共电分摊明细!S96=120
池,p1,F西侧货梯,#89 一期 F座·天面·货梯,应分摊,132.27,0,-132.27,跟随用量差,公共电分摊明细!AD96=132.27
池,p1,F西侧货梯,#89 一期 F座·天面·货梯,标准,44.09,0,-44.09,跟随用量差,公共电分摊明细!AC96=44.09
池,p2,一车间电梯,#3 二期 一车间·电梯+低压电房照明,标准,265.64,274.8,9.16,跟随基数差,公共电数据!V10=265.64
池,p2,一车间电梯,#3 二期 一车间·电梯+低压电房照明,基数,6,5.8,-0.2,按月事实:层份/份数(源册 公共电数据 T10),公共电数据!T10=6
池,p2,三车间电梯,#8 二期 三车间·电梯+低压电房照明,标准,204.66,306.99,102.33,跟随基数差,公共电数据!V40=204.66
池,p2,三车间电梯,#8 二期 三车间·电梯+低压电房照明,基数,6,4,-2,按月事实:层份/份数(源册 公共电数据 T40),公共电数据!T40=6
池,p2,园区绿化水泵,#13 二期园区·绿化水泵,标准,0.018,0.022,0.004,"取整位:源册 ROUND 2 位,引擎 3 位",公共电数据!V64=0.018
池,p2,五车间消防,#14 二期 五车间·消防,标准,54.16,45.82,-8.34,跟随基数差,公共电数据!V70=54.16
池,p2,五车间消防,#14 二期 五车间·消防,基数,5.5,6.5,1,按月事实:层份/份数(源册 公共电数据 T70),公共电数据!T70=5.5
池,p2,五车间装饰灯新表,#15 二期 五车间·广告字灯,应分摊,1141.12,,-1141.12,引擎把该池当折入源(ref)不单算应分摊;源册单列 W 并计入合计(单价档折进目标池),公共电数据!W76=1141.12
池,p2,五车间电梯,#16 二期 五车间·电梯+低压电房照明,用量,2792.8,2091.02,-701.78,"引擎扣减 −1 绑定表(火炬园广告字电 701.78 度)净额,源册总量格 L 未扣",公共电数据!L82=2792.8
池,p2,五车间电梯,#16 二期 五车间·电梯+低压电房照明,标准,483.48,381.7,-101.78,跟随基数差,公共电数据!V82=483.48
池,p2,五车间电梯,#16 二期 五车间·电梯+低压电房照明,基数,4.5,5.7,1.2,按月事实:层份/份数(源册 公共电数据 T82),公共电数据!T82=4.5
池,p2,六车间广告字新表,#21 二期 六车间·广告字灯,应分摊,1155.07,,-1155.07,引擎把该池当折入源(ref)不单算应分摊;源册单列 W 并计入合计(单价档折进目标池),公共电数据!W112=1155.07
池,p2,六车间电梯2,#22 二期 六车间·电梯+低压电房照明,应分摊,1922.01,1905.29,-16.72,"尖价比率:源册 公共电数据!L120 手输=0.16,引擎按 sharp_as_peak_ratio 算;按源册比率复算 1922.01=源册",公共电数据!W118=1922.01
池,p2,六车间电梯2,#22 二期 六车间·电梯+低压电房照明,标准,320.34,317.55,-2.79,"尖价比率:源册 公共电数据!L120 手输=0.16,引擎按 sharp_as_peak_ratio 算(跟随应分摊差)",公共电数据!V118=320.34
已分摊,p1,园区路灯,#25,已分摊(AE 实收 vs 摊出),5050,4881.09,-168.91,"在租名单/面积:引擎 0.06×在册面积,源册 AE 从电费总表按户拉回;块合计差 -168.91",公共电分摊明细!AE10=5050
已分摊,p1,r12 联塑精铟,#92,已分摊(AE 实收 vs 摊出),232,0,-232,"源册 AE 手输固定额 232(无表行),引擎 manual 池没有金额",公共电分摊明细!AE12=232
已分摊,p1,A2西侧公共,#28,已分摊(AE 实收 vs 摊出),184.24,52.05,-132.19,"名单/份额:源册 AE=户表实收(含同层他池份额),引擎按受益人配置摊出;块合计差 -398.01",公共电分摊明细!AE15=184.24
已分摊,p1,A3西侧公共,#29,已分摊(AE 实收 vs 摊出),217.98,137.61,-80.37,"名单/份额:源册 AE=户表实收(含同层他池份额),引擎按受益人配置摊出;块合计差 -398.01",公共电分摊明细!AE16=217.98
已分摊,p1,A4东侧公共,#32,已分摊(AE 实收 vs 摊出),209.45,61.2,-148.25,跟随池差:基数 AA19 源册 830.79/引擎 579.13,公共电分摊明细!AE19=209.45
已分摊,p1,A4西侧走廊灯+A4西侧消防灯,"#33,#34",已分摊(AE 实收 vs 摊出),262.02,80.72,-181.3,跟随池差:基数 AA20 源册 1388.1/引擎 734.02;基数 AA21 源册 1388.1/引擎 734.02,公共电分摊明细!AE20=262.02
已分摊,p1,戎合A501公共,#35,已分摊(AE 实收 vs 摊出),,7.42,7.42,"源册该组 AE 空/0(不单独收,份额在户表并入同块其他组);块合计差 -398.01",公共电分摊明细!AE22=空
已分摊,p1,A6东侧走廊灯+A6东侧消防灯,"#37,#38",已分摊(AE 实收 vs 摊出),79.76,99.22,19.46,跟随池差:基数 AA24 源册 1512.69/引擎 1417.26;基数 AA25 源册 1512.69/引擎 1417.26,公共电分摊明细!AE24=79.76
已分摊,p1,A东侧货梯,#40,已分摊(AE 实收 vs 摊出),1376.63,1725.85,349.22,"在租名单/面积:引擎 0.14×在册面积,源册 AE 从电费总表按户拉回;块合计差 -398.01",公共电分摊明细!AE27=1376.63
已分摊,p1,戎合B101公共电,#41,已分摊(AE 实收 vs 摊出),4.07,0,-4.07,"块内互抵:源册 AE 按户拉回,含同层楼梯间/货梯份额;块合计相等",公共电分摊明细!AE33=4.07
已分摊,p1,杨文正公共电,#42,已分摊(AE 实收 vs 摊出),4.07,0,-4.07,"块内互抵:源册 AE 按户拉回,含同层楼梯间/货梯份额;块合计相等",公共电分摊明细!AE34=4.07
已分摊,p1,可莱恩B201西侧公共电,#44,已分摊(AE 实收 vs 摊出),8.13,0,-8.13,"块内互抵:源册 AE 按户拉回,含同层楼梯间/货梯份额;块合计相等",公共电分摊明细!AE36=8.13
已分摊,p1,欧培仪东侧公共+欧培仪西侧公共,"#45,#46",已分摊(AE 实收 vs 摊出),64.35,56.22,-8.13,"块内互抵:源册 AE 按户拉回,含同层楼梯间/货梯份额;块合计相等",公共电分摊明细!AE37=64.35
已分摊,p1,碧沃丰B401东侧公共电+碧沃丰B401西侧公共电,"#47,#48",已分摊(AE 实收 vs 摊出),23.56,15.43,-8.13,"块内互抵:源册 AE 按户拉回,含同层楼梯间/货梯份额;块合计相等",公共电分摊明细!AE39=23.56
已分摊,p1,B东侧楼梯间,#49,已分摊(AE 实收 vs 摊出),,32.53,32.53,"源册该组 AE 空/0(不单独收,份额在户表并入同块其他组);块合计差 0",公共电分摊明细!AE41+AE42=空
已分摊,p1,高建军C公共,#51,已分摊(AE 实收 vs 摊出),3.66,0,-3.66,"名单/份额:源册 AE=户表实收(含同层他池份额),引擎按受益人配置摊出;块合计差 -579.03",公共电分摊明细!AE46=3.66
已分摊,p1,r47 杨道扬104室,#93,已分摊(AE 实收 vs 摊出),3.76,0,-3.76,"源册 AE 手输固定额 3.76(无表行),引擎 manual 池没有金额",公共电分摊明细!AE47=3.76
已分摊,p1,r48 卢志华105室,#94,已分摊(AE 实收 vs 摊出),3.76,0,-3.76,"源册 AE 手输固定额 3.76(无表行),引擎 manual 池没有金额",公共电分摊明细!AE48=3.76
已分摊,p1,r49 诺玲106室,#95,已分摊(AE 实收 vs 摊出),2.96,0,-2.96,"源册 AE 手输固定额 2.96(无表行),引擎 manual 池没有金额",公共电分摊明细!AE49=2.96
已分摊,p1,C2消防,#53,已分摊(AE 实收 vs 摊出),45.63,14.11,-31.52,跟随池差:基数 AA51 源册 1171.65/引擎 1503.1;应分摊差 -10.62,公共电分摊明细!AE51=45.63
已分摊,p1,力美C301东侧公共电,#55,已分摊(AE 实收 vs 摊出),10.48,0,-10.48,"名单/份额:源册 AE=户表实收(含同层他池份额),引擎按受益人配置摊出;块合计差 -579.03",公共电分摊明细!AE53=10.48
已分摊,p1,可莱恩C402西侧公共电,#57,已分摊(AE 实收 vs 摊出),12.96,7.72,-5.24,"名单/份额:源册 AE=户表实收(含同层他池份额),引擎按受益人配置摊出;块合计差 -579.03",公共电分摊明细!AE55=12.96
已分摊,p1,C东侧货梯电表1+C西侧货梯,"#59,#60",已分摊(AE 实收 vs 摊出),517.65,0,-517.65,"引擎该池受益人为空(配置缺),摊出 0;块合计差 -579.03",公共电分摊明细!AE58=517.65
已分摊,p1,邱彩云东侧公共电,#61,已分摊(AE 实收 vs 摊出),50.44,17.76,-32.68,"名单/份额:源册 AE=户表实收(含同层他池份额),引擎按受益人配置摊出;块合计差 -25.22",公共电分摊明细!AE63=50.44
已分摊,p1,D201东侧电+D201西侧电,"#62,#63",已分摊(AE 实收 vs 摊出),7.47,0,-7.47,"名单/份额:源册 AE=户表实收(含同层他池份额),引擎按受益人配置摊出;块合计差 -25.22",公共电分摊明细!AE64=7.47
已分摊,p1,金纳D301东侧公共电+金纳D301西侧公共电,"#64,#65",已分摊(AE 实收 vs 摊出),7.47,0,-7.47,"名单/份额:源册 AE=户表实收(含同层他池份额),引擎按受益人配置摊出;块合计差 -25.22",公共电分摊明细!AE66=7.47
已分摊,p1,飞度东侧公共电,#66,已分摊(AE 实收 vs 摊出),3.74,0,-3.74,"名单/份额:源册 AE=户表实收(含同层他池份额),引擎按受益人配置摊出;块合计差 -25.22",公共电分摊明细!AE68=3.74
已分摊,p1,一元兰欣西侧公共电,#67,已分摊(AE 实收 vs 摊出),3.74,0,-3.74,"名单/份额:源册 AE=户表实收(含同层他池份额),引擎按受益人配置摊出;块合计差 -25.22",公共电分摊明细!AE69=3.74
已分摊,p1,D东侧楼梯间,#68,已分摊(AE 实收 vs 摊出),,29.88,29.88,"源册该组 AE 空/0(不单独收,份额在户表并入同块其他组);块合计差 -25.22",公共电分摊明细!AE70+AE71=空
已分摊,p1,E二楼东侧公共电,#71,已分摊(AE 实收 vs 摊出),8.13,0,-8.13,"名单/份额:源册 AE=户表实收(含同层他池份额),引擎按受益人配置摊出;块合计差 -6.63",公共电分摊明细!AE75=8.13
已分摊,p1,天玛E201西侧公共电,#72,已分摊(AE 实收 vs 摊出),8.13,0,-8.13,"名单/份额:源册 AE=户表实收(含同层他池份额),引擎按受益人配置摊出;块合计差 -6.63",公共电分摊明细!AE76=8.13
已分摊,p1,翔海E301东侧公共电,#73,已分摊(AE 实收 vs 摊出),154.79,0,-154.79,"名单/份额:源册 AE=户表实收(含同层他池份额),引擎按受益人配置摊出;块合计差 -6.63",公共电分摊明细!AE77=154.79
已分摊,p1,翔海E301西侧公共电,#74,已分摊(AE 实收 vs 摊出),154.79,0,-154.79,"名单/份额:源册 AE=户表实收(含同层他池份额),引擎按受益人配置摊出;块合计差 -6.63",公共电分摊明细!AE78=154.79
已分摊,p1,E东侧楼梯间,#77,已分摊(AE 实收 vs 摊出),12.2,36.59,24.39,"名单/份额:源册 AE=户表实收(含同层他池份额),引擎按受益人配置摊出;块合计差 -6.63",公共电分摊明细!AE81=12.2
已分摊,p1,E东侧货梯+E西侧货梯,"#78,#79",已分摊(AE 实收 vs 摊出),147.41,442.23,294.82,"名单/份额:源册 AE=户表实收(含同层他池份额),引擎按受益人配置摊出;块合计差 -6.63",公共电分摊明细!AE83=147.41
已分摊,p1,思汗F101东侧公共电,#80,已分摊(AE 实收 vs 摊出),4.55,0,-4.55,"名单/份额:源册 AE=户表实收(含同层他池份额),引擎按受益人配置摊出;块合计差 -382.74",公共电分摊明细!AE86=4.55
已分摊,p1,优凯F201西侧公共电,#82,已分摊(AE 实收 vs 摊出),9.1,0,-9.1,"名单/份额:源册 AE=户表实收(含同层他池份额),引擎按受益人配置摊出;块合计差 -382.74",公共电分摊明细!AE88=9.1
已分摊,p1,优凯F301西侧公共电,#84,已分摊(AE 实收 vs 摊出),413.49,408.94,-4.55,"名单/份额:源册 AE=户表实收(含同层他池份额),引擎按受益人配置摊出;块合计差 -382.74",公共电分摊明细!AE90=413.49
已分摊,p1,F401东侧公共电,#85,已分摊(AE 实收 vs 摊出),18.19,0,-18.19,"引擎该池受益人为空(配置缺),摊出 0;块合计差 -382.74",公共电分摊明细!AE91=18.19
已分摊,p1,F东侧楼梯间,#87,已分摊(AE 实收 vs 摊出),,13.65,13.65,"源册该组 AE 空/0(不单独收,份额在户表并入同块其他组);块合计差 -382.74",公共电分摊明细!AE93=空
已分摊,p1,F东侧货梯+F西侧货梯,"#88,#89",已分摊(AE 实收 vs 摊出),360,0,-360,"引擎该池受益人为空(配置缺),摊出 0;块合计差 -382.74",公共电分摊明细!AE95=360
已分摊,p2,一车间消防,#2,已分摊(X 实收 vs 摊出),638.95,154.71,-484.24,"X=户表消防列实收,含园区消防设施 V×面积份;引擎把园区消防设施池另摊",公共电数据!X4=638.95
已分摊,p2,一车间电梯,#3,已分摊(X 实收 vs 摊出),1445.08,1604.83,159.75,"层份 T10 源册 6/引擎 5.8;X=户表电梯列实收(V×户层数,逐户手工);引擎按层份名单摊",公共电数据!X10=1445.08
已分摊,p2,二车间消防,#5,已分摊(X 实收 vs 摊出),525.99,202.6,-323.39,"X=户表消防列实收,含园区消防设施 V×面积份;引擎把园区消防设施池另摊",公共电数据!X22=525.99
已分摊,p2,二车间电梯,#6,已分摊(X 实收 vs 摊出),404.08,570.9,166.82,"X=户表电梯列实收(V×户层数,逐户手工);引擎按层份名单摊",公共电数据!X28=404.08
已分摊,p2,三车间消防,#7,已分摊(X 实收 vs 摊出),511.45,908.95,397.5,"X=户表消防列实收,含园区消防设施 V×面积份;引擎把园区消防设施池另摊",公共电数据!X34=511.45
已分摊,p2,三车间电梯,#8,已分摊(X 实收 vs 摊出),306.99,1111.33,804.34,"层份 T40 源册 6/引擎 4;X=户表电梯列实收(V×户层数,逐户手工);引擎按层份名单摊",公共电数据!X40=306.99
已分摊,p2,四车间消防,#10,已分摊(X 实收 vs 摊出),639.61,162.43,-477.18,"X=户表消防列实收,含园区消防设施 V×面积份;引擎把园区消防设施池另摊",公共电数据!X52=639.61
已分摊,p2,四车间电梯,#11,已分摊(X 实收 vs 摊出),1714.68,295.64,-1419.04,"X=户表电梯列实收(V×户层数,逐户手工);引擎按层份名单摊",公共电数据!X58=1714.68
已分摊,p2,园区绿化水泵,#13,已分摊(X 实收 vs 摊出),1941.39,2531.74,590.35,X=用水统计绿化水列实收(户表单价);引擎 V×在册面积,公共电数据!X64=1941.39
已分摊,p2,五车间消防,#14,已分摊(X 实收 vs 摊出),1172.59,289.9,-882.69,"层份 T70 源册 5.5/引擎 6.5;X=户表消防列实收,含园区消防设施 V×面积份;引擎把园区消防设施池另摊",公共电数据!X70=1172.59
已分摊,p2,五车间电梯,#16,已分摊(X 实收 vs 摊出),2770.34,2187.15,-583.19,"层份 T82 源册 4.5/引擎 5.7;X=户表电梯列实收(V×户层数,逐户手工);引擎按层份名单摊",公共电数据!X82=2770.34
已分摊,p2,园区保安亭路灯,#18,已分摊(X 实收 vs 摊出),1601.89,1035.75,-566.14,"X=户表路灯列实收(单价×面积,逐户手工);引擎 V×在册面积",公共电数据!X94=1601.89
已分摊,p2,六车间消防,#20,已分摊(X 实收 vs 摊出),1200.58,281.52,-919.06,"X=户表消防列实收,含园区消防设施 V×面积份;引擎把园区消防设施池另摊",公共电数据!X106=1200.58
已分摊,p2,六车间电梯2,#22,已分摊(X 实收 vs 摊出),1915.63,1898.95,-16.68,"应分摊差 -16.72;X=户表电梯列实收(V×户层数,逐户手工);引擎按层份名单摊",公共电数据!X118=1915.63
逐户,p1,碳紫,#127 碳紫,消防/楼层公共,20.89,23.02,2.13,名单/面积/层份/户表手工系数,
逐户,p1,碳紫,#127 碳紫,电梯,29.78,0,-29.78,名单/面积/层份/户表手工系数,
逐户,p1,碳紫,#127 碳紫,线路损耗,328.22,262.28,-65.94,名单/面积/层份/户表手工系数,
逐户,p1,天玛,#128 天玛,线路损耗,39.98,25.3,-14.68,名单/面积/层份/户表手工系数,
逐户,p1,沈振,#366 沈振,消防/楼层公共,9.91,0,-9.91,名单/面积/层份/户表手工系数,
逐户,p1,沈振,#366 沈振,线路损耗,5.62,12.97,7.35,名单/面积/层份/户表手工系数,
逐户,p1,金纳,#99 金纳,线路损耗,177.06,160.54,-16.52,名单/面积/层份/户表手工系数,
逐户,p1,银纳,#100 银纳,路灯,15.39,0,-15.39,名单/面积/层份/户表手工系数,
逐户,p1,银纳,#100 银纳,线路损耗,29.78,17.65,-12.13,名单/面积/层份/户表手工系数,
逐户,p1,成吉,#101 成吉,线路损耗,26.98,73.41,46.43,名单/面积/层份/户表手工系数,
逐户,p1,思汗,#102 思汗,线路损耗,437.86,707.21,269.35,名单/面积/层份/户表手工系数,
逐户,p1,旭化成,#361 旭化成,电梯,114.6,157.91,43.31,名单/面积/层份/户表手工系数,
逐户,p1,旭化成,#361 旭化成,路灯,78.46,67.67,-10.79,名单/面积/层份/户表手工系数,
逐户,p1,旭化成,#361 旭化成,线路损耗,,1723.51,1723.51,名单/面积/层份/户表手工系数,
逐户,p1,碧沃丰,#103 碧沃丰,线路损耗,7.43,1.99,-5.44,名单/面积/层份/户表手工系数,
逐户,p1,合源(按名前缀认户),#104 合源创盈,消防/楼层公共,69.9,14.98,-54.92,费目归类不同:消防+电梯+路灯三项合计相等,
逐户,p1,合源(按名前缀认户),#104 合源创盈,电梯,14.98,69.9,54.92,费目归类不同:消防+电梯+路灯三项合计相等,
逐户,p1,合源(按名前缀认户),#104 合源创盈,线路损耗,36.68,102.25,65.57,名单/面积/层份/户表手工系数,
逐户,p1,飞度,#357 飞度,消防/楼层公共,3.74,7.47,3.73,名单/面积/层份/户表手工系数,
逐户,p1,飞度,#357 飞度,路灯,112.95,37.65,-75.3,名单/面积/层份/户表手工系数,
逐户,p1,飞度,#357 飞度,线路损耗,26.51,16.28,-10.23,名单/面积/层份/户表手工系数,
逐户,p1,可莱恩,#107 可莱恩,消防/楼层公共,8.13,15.85,7.72,名单/面积/层份/户表手工系数,
逐户,p1,可莱恩,#107 可莱恩,线路损耗,307.07,830.74,523.67,名单/面积/层份/户表手工系数,
逐户,p1,新材料协会,#109 新材料协会,消防/楼层公共,14.99,17.49,2.5,名单/面积/层份/户表手工系数,
逐户,p1,新材料协会,#109 新材料协会,线路损耗,9.15,21.63,12.48,名单/面积/层份/户表手工系数,
逐户,p1,次生代,#110 次生代,消防/楼层公共,47.39,55.29,7.9,名单/面积/层份/户表手工系数,
逐户,p1,次生代,#110 次生代,线路损耗,93.83,269.51,175.68,名单/面积/层份/户表手工系数,
逐户,p1,翔海,#265 翔海,消防/楼层公共,309.58,8.13,-301.45,名单/面积/层份/户表手工系数,
逐户,p1,翔海,#265 翔海,电梯,,294.82,294.82,名单/面积/层份/户表手工系数,
逐户,p1,翔海,#265 翔海,线路损耗,,621.68,621.68,名单/面积/层份/户表手工系数,
逐户,p1,一元兰欣,#112 一元兰欣,消防/楼层公共,3.74,7.47,3.73,名单/面积/层份/户表手工系数,
逐户,p1,一元兰欣,#112 一元兰欣,线路损耗,183.75,128.92,-54.83,名单/面积/层份/户表手工系数,
逐户,p1,鑫皇,#113 鑫皇,线路损耗,255.84,742.74,486.9,名单/面积/层份/户表手工系数,
逐户,p1,欧培仪,#364 欧培仪,消防/楼层公共,64.35,0,-64.35,名单/面积/层份/户表手工系数,
逐户,p1,欧培仪,#364 欧培仪,电梯,403.17,0,-403.17,名单/面积/层份/户表手工系数,
逐户,p1,欧培仪,#364 欧培仪,线路损耗,44.89,0,-44.89,名单/面积/层份/户表手工系数,
逐户,p1,双成,#115 双成,电梯,58.24,0,-58.24,名单/面积/层份/户表手工系数,
逐户,p1,双成,#115 双成,线路损耗,24.68,0,-24.68,名单/面积/层份/户表手工系数,
逐户,p1,联塑精铟,#266 联塑精铟,消防/楼层公共,232,0,-232,名单/面积/层份/户表手工系数,
逐户,p1,联塑精铟,#266 联塑精铟,路灯,,92.88,92.88,名单/面积/层份/户表手工系数,
逐户,p1,联塑精铟,#266 联塑精铟,线路损耗,12.04,4.83,-7.21,名单/面积/层份/户表手工系数,
逐户,p1,粤海华创,#116 粤海华创,消防/楼层公共,47.2,18.16,-29.04,名单/面积/层份/户表手工系数,
逐户,p1,粤海华创,#116 粤海华创,电梯,,23.12,23.12,名单/面积/层份/户表手工系数,
逐户,p1,粤海华创,#116 粤海华创,路灯,,9.91,9.91,名单/面积/层份/户表手工系数,
逐户,p1,粤海华创,#116 粤海华创,线路损耗,,29.49,29.49,名单/面积/层份/户表手工系数,
逐户,p1,宏玥,#117 宏玥,消防/楼层公共,59.46,17.77,-41.69,名单/面积/层份/户表手工系数,
逐户,p1,宏玥,#117 宏玥,电梯,23.93,66.5,42.57,名单/面积/层份/户表手工系数,
逐户,p1,宏玥,#117 宏玥,线路损耗,16.34,39.46,23.12,名单/面积/层份/户表手工系数,
逐户,p1,禹晨,#118 禹晨,消防/楼层公共,63.8,21.27,-42.53,名单/面积/层份/户表手工系数,
逐户,p1,禹晨,#118 禹晨,路灯,,12.76,12.76,名单/面积/层份/户表手工系数,
逐户,p1,禹晨,#118 禹晨,线路损耗,,15.74,15.74,名单/面积/层份/户表手工系数,
逐户,p1,仁恒,#119 仁恒,消防/楼层公共,83.24,35.06,-48.18,名单/面积/层份/户表手工系数,
逐户,p1,仁恒,#119 仁恒,电梯,49.85,79.68,29.83,名单/面积/层份/户表手工系数,
逐户,p1,仁恒,#119 仁恒,路灯,16.87,39.63,22.76,名单/面积/层份/户表手工系数,
逐户,p1,仁恒,#119 仁恒,线路损耗,153.87,456.3,302.43,名单/面积/层份/户表手工系数,
逐户,p1,采妍,#120 采妍,路灯,14.65,43.94,29.29,名单/面积/层份/户表手工系数,
逐户,p1,采妍,#120 采妍,线路损耗,52.5,143.01,90.51,名单/面积/层份/户表手工系数,
逐户,p1,暨南中院,#365 暨南中院,电梯,18.84,0,-18.84,名单/面积/层份/户表手工系数,
逐户,p1,暨南中院,#365 暨南中院,路灯,8.07,0,-8.07,名单/面积/层份/户表手工系数,
逐户,p1,暨南中院,#365 暨南中院,线路损耗,11.95,33.96,22.01,名单/面积/层份/户表手工系数,
逐户,p1,帷幄,#396 帷幄,消防/楼层公共,31,0,-31,名单/面积/层份/户表手工系数,
逐户,p1,帷幄,#396 帷幄,线路损耗,,5.61,5.61,名单/面积/层份/户表手工系数,
逐户,p1,优唯特,#122 优唯特,消防/楼层公共,47.3,34.76,-12.54,名单/面积/层份/户表手工系数,
逐户,p1,优唯特,#122 优唯特,电梯,,44.24,44.24,名单/面积/层份/户表手工系数,
逐户,p1,优唯特,#122 优唯特,路灯,,18.96,18.96,名单/面积/层份/户表手工系数,
逐户,p1,优唯特,#122 优唯特,线路损耗,8.99,21.51,12.52,名单/面积/层份/户表手工系数,
逐户,p1,信成洋,#123 信成洋,线路损耗,91.3,54.01,-37.29,名单/面积/层份/户表手工系数,
逐户,p1,叶子涛,#124 叶子涛,消防/楼层公共,25.22,8.88,-16.34,名单/面积/层份/户表手工系数,
逐户,p1,叶子涛,#124 叶子涛,线路损耗,3.07,3.53,0.46,名单/面积/层份/户表手工系数,
逐户,p1,重瞳,#359 重瞳,消防/楼层公共,79.45,26.48,-52.97,费目归类不同:消防+电梯+路灯三项合计相等,
逐户,p1,重瞳,#359 重瞳,电梯,,37.08,37.08,费目归类不同:消防+电梯+路灯三项合计相等,
逐户,p1,重瞳,#359 重瞳,路灯,,15.89,15.89,费目归类不同:消防+电梯+路灯三项合计相等,
逐户,p1,重瞳,#359 重瞳,线路损耗,,17.43,17.43,名单/面积/层份/户表手工系数,
逐户,p1,杨文正,#125 杨文正,路灯,114,102.9,-11.1,名单/面积/层份/户表手工系数,
逐户,p1,杨文正,#125 杨文正,线路损耗,5.27,9.3,4.03,名单/面积/层份/户表手工系数,
逐户,p1,黄路生,#392 黄路生,消防/楼层公共,100,0,-100,名单/面积/层份/户表手工系数,
逐户,p1,黄路生,#392 黄路生,电梯,,46.24,46.24,名单/面积/层份/户表手工系数,
逐户,p1,黄路生,#392 黄路生,路灯,,19.82,19.82,名单/面积/层份/户表手工系数,
逐户,p1,黄路生,#392 黄路生,线路损耗,,79.86,79.86,名单/面积/层份/户表手工系数,
逐户,p1,金准智能,#193 金准智能,消防/楼层公共,13.36,10.49,-2.87,名单/面积/层份/户表手工系数,
逐户,p1,金准智能,#193 金准智能,电梯,5.73,13.36,7.63,名单/面积/层份/户表手工系数,
逐户,p1,金准智能,#193 金准智能,线路损耗,1.31,1.48,0.17,名单/面积/层份/户表手工系数,
逐户,p1,张彦,#129 张彦,线路损耗,6.19,8.8,2.61,名单/面积/层份/户表手工系数,
逐户,p1,汤周杰,#131 汤周杰,线路损耗,141.78,99.41,-42.37,名单/面积/层份/户表手工系数,
逐户,p1,MWILLAMA,#368 MWILLAMA,消防/楼层公共,8.68,6.82,-1.86,名单/面积/层份/户表手工系数,
逐户,p1,MWILLAMA,#368 MWILLAMA,电梯,3.72,8.68,4.96,名单/面积/层份/户表手工系数,
逐户,p1,MWILLAMA,#368 MWILLAMA,线路损耗,2.97,7.53,4.56,名单/面积/层份/户表手工系数,
逐户,p1,林春艳,#130 林春艳,线路损耗,13.7,34.21,20.51,名单/面积/层份/户表手工系数,
逐户,p1,张文意,#369 张文意,线路损耗,71.62,0,-71.62,名单/面积/层份/户表手工系数,
逐户,p1,邹同稳,#132 邹同稳,消防/楼层公共,5.24,0,-5.24,名单/面积/层份/户表手工系数,
逐户,p1,邹同稳,#132 邹同稳,电梯,115.37,0,-115.37,名单/面积/层份/户表手工系数,
逐户,p1,邹同稳,#132 邹同稳,线路损耗,17.27,23.13,5.86,名单/面积/层份/户表手工系数,
逐户,p1,林观平,#134 林观平,消防/楼层公共,23.72,10.73,-12.99,名单/面积/层份/户表手工系数,
逐户,p1,林观平,#134 林观平,电梯,10.17,19.16,8.99,名单/面积/层份/户表手工系数,
逐户,p1,林观平,#134 林观平,路灯,10.17,8.21,-1.96,名单/面积/层份/户表手工系数,
逐户,p1,林观平,#134 林观平,线路损耗,7.81,17.55,9.74,名单/面积/层份/户表手工系数,
逐户,p1,刘亚辉,#358 刘亚辉,消防/楼层公共,27.23,11.67,-15.56,名单/面积/层份/户表手工系数,
逐户,p1,刘亚辉,#358 刘亚辉,电梯,11.67,0,-11.67,名单/面积/层份/户表手工系数,
逐户,p1,刘亚辉,#358 刘亚辉,线路损耗,8.84,22.17,13.33,名单/面积/层份/户表手工系数,
逐户,p1,顺心鸿,#370 顺心鸿,消防/楼层公共,3.56,0.91,-2.65,名单/面积/层份/户表手工系数,
逐户,p1,顺心鸿,#370 顺心鸿,电梯,15.7,0,-15.7,名单/面积/层份/户表手工系数,
逐户,p1,顺心鸿,#370 顺心鸿,线路损耗,0.31,0,-0.31,名单/面积/层份/户表手工系数,
逐户,p1,李卓伦,#135 李卓伦,消防/楼层公共,8.68,0.91,-7.77,名单/面积/层份/户表手工系数,
逐户,p1,李卓伦,#135 李卓伦,电梯,38.26,0,-38.26,名单/面积/层份/户表手工系数,
逐户,p1,李卓伦,#135 李卓伦,路灯,13.37,5.49,-7.88,名单/面积/层份/户表手工系数,
逐户,p1,李卓伦,#135 李卓伦,线路损耗,1.38,1,-0.38,名单/面积/层份/户表手工系数,
逐户,p1,布司曼,#148 布司曼,消防/楼层公共,13.36,10.49,-2.87,名单/面积/层份/户表手工系数,
逐户,p1,布司曼,#148 布司曼,电梯,5.73,13.36,7.63,名单/面积/层份/户表手工系数,
逐户,p1,布司曼,#148 布司曼,线路损耗,3.53,8.37,4.84,名单/面积/层份/户表手工系数,
逐户,p1,周应佳,#393 周应佳,消防/楼层公共,22.21,0,-22.21,名单/面积/层份/户表手工系数,
逐户,p1,周应佳,#393 周应佳,电梯,9.52,0,-9.52,名单/面积/层份/户表手工系数,
逐户,p1,周应佳,#393 周应佳,线路损耗,3.49,6.55,3.06,名单/面积/层份/户表手工系数,
逐户,p1,炳记,#142 炳记,消防/楼层公共,35.2,0,-35.2,名单/面积/层份/户表手工系数,
逐户,p1,炳记,#142 炳记,电梯,17.6,35.2,17.6,名单/面积/层份/户表手工系数,
逐户,p1,炳记,#142 炳记,线路损耗,10.23,24.6,14.37,名单/面积/层份/户表手工系数,
逐户,p1,孙余,#150 孙余,消防/楼层公共,6.01,1.54,-4.47,名单/面积/层份/户表手工系数,
逐户,p1,孙余,#150 孙余,电梯,26.49,0,-26.49,名单/面积/层份/户表手工系数,
逐户,p1,孙余,#150 孙余,线路损耗,0.5,0.04,-0.46,名单/面积/层份/户表手工系数,
逐户,p1,吴跃平,#335 吴跃平,消防/楼层公共,9.57,0,-9.57,名单/面积/层份/户表手工系数,
逐户,p1,吴跃平,#335 吴跃平,电梯,42.18,0,-42.18,名单/面积/层份/户表手工系数,
逐户,p1,吴跃平,#335 吴跃平,路灯,14.74,0,-14.74,名单/面积/层份/户表手工系数,
逐户,p1,吴跃平,#335 吴跃平,线路损耗,2,1.48,-0.52,名单/面积/层份/户表手工系数,
逐户,p1,桑尼号,#152 桑尼号,消防/楼层公共,9.1,416.77,407.67,名单/面积/层份/户表手工系数,
逐户,p1,桑尼号,#152 桑尼号,电梯,195.91,0,-195.91,名单/面积/层份/户表手工系数,
逐户,p1,桑尼号,#152 桑尼号,线路损耗,34.4,25.1,-9.3,名单/面积/层份/户表手工系数,
逐户,p1,陈相钊,#133 陈相钊,消防/楼层公共,5.24,4.63,-0.61,名单/面积/层份/户表手工系数,
逐户,p1,陈相钊,#133 陈相钊,电梯,85.76,0,-85.76,名单/面积/层份/户表手工系数,
逐户,p1,陈相钊,#133 陈相钊,路灯,120,147.77,27.77,名单/面积/层份/户表手工系数,
逐户,p1,陈相钊,#133 陈相钊,线路损耗,2.01,89.28,87.27,名单/面积/层份/户表手工系数,
逐户,p1,芷泉,#153 芷泉,消防/楼层公共,10.69,2.75,-7.94,名单/面积/层份/户表手工系数,
逐户,p1,芷泉,#153 芷泉,电梯,47.12,0,-47.12,名单/面积/层份/户表手工系数,
逐户,p1,芷泉,#153 芷泉,线路损耗,1.38,0,-1.38,名单/面积/层份/户表手工系数,
逐户,p1,杨道扬,#154 杨道扬,消防/楼层公共,3.76,0,-3.76,名单/面积/层份/户表手工系数,
逐户,p1,杨道扬,#154 杨道扬,线路损耗,1.02,1.84,0.82,名单/面积/层份/户表手工系数,
逐户,p1,卢志华,#155 卢志华,消防/楼层公共,3.76,0,-3.76,名单/面积/层份/户表手工系数,
逐户,p1,卢志华,#155 卢志华,线路损耗,1.81,3.09,1.28,名单/面积/层份/户表手工系数,
逐户,p1,高建军,#149 高建军,消防/楼层公共,8.28,5.39,-2.89,名单/面积/层份/户表手工系数,
逐户,p1,高建军,#149 高建军,电梯,10.78,0,-10.78,名单/面积/层份/户表手工系数,
逐户,p1,高建军,#149 高建军,线路损耗,4.05,5.89,1.84,名单/面积/层份/户表手工系数,
逐户,p1,曾绍良,#157 曾绍良,消防/楼层公共,413.49,1.27,-412.22,名单/面积/层份/户表手工系数,
逐户,p1,曾绍良,#157 曾绍良,电梯,44.09,0,-44.09,名单/面积/层份/户表手工系数,
逐户,p1,曾绍良,#157 曾绍良,路灯,272.28,105,-167.28,名单/面积/层份/户表手工系数,
逐户,p1,曾绍良,#157 曾绍良,线路损耗,4.48,0,-4.48,名单/面积/层份/户表手工系数,
逐户,p1,诺玲,#158 诺铃,消防/楼层公共,2.96,0,-2.96,名单/面积/层份/户表手工系数,
逐户,p1,诺玲,#158 诺铃,线路损耗,0.38,0.57,0.19,名单/面积/层份/户表手工系数,
逐户,p1,羊城科技,#371 羊城科技,消防/楼层公共,37.45,8.03,-29.42,费目归类不同:消防+电梯+路灯三项合计相等,
逐户,p1,羊城科技,#371 羊城科技,电梯,8.03,37.45,29.42,费目归类不同:消防+电梯+路灯三项合计相等,
逐户,p1,羊城科技,#371 羊城科技,线路损耗,23.92,68.02,44.1,名单/面积/层份/户表手工系数,
逐户,p1,张执盛,#162 博浩,消防/楼层公共,18.19,0,-18.19,名单/面积/层份/户表手工系数,
逐户,p1,张执盛,#162 博浩,电梯,120,0,-120,名单/面积/层份/户表手工系数,
逐户,p1,张执盛,#162 博浩,线路损耗,2.24,0,-2.24,名单/面积/层份/户表手工系数,
逐户,p1,张勇,#163 优硕达,消防/楼层公共,3.56,0,-3.56,名单/面积/层份/户表手工系数,
逐户,p1,张勇,#163 优硕达,电梯,15.7,0,-15.7,名单/面积/层份/户表手工系数,
逐户,p1,张勇,#163 优硕达,路灯,5.49,0,-5.49,名单/面积/层份/户表手工系数,
逐户,p1,张勇,#163 优硕达,线路损耗,0.28,0,-0.28,名单/面积/层份/户表手工系数,
逐户,p1,中科美业,#108 中科美业,消防/楼层公共,12.96,0,-12.96,名单/面积/层份/户表手工系数,
逐户,p1,中科美业,#108 中科美业,电梯,115.37,0,-115.37,名单/面积/层份/户表手工系数,
逐户,p1,中科美业,#108 中科美业,路灯,130.5,87,-43.5,名单/面积/层份/户表手工系数,
逐户,p1,中科美业,#108 中科美业,线路损耗,157.42,0,-157.42,名单/面积/层份/户表手工系数,
逐户,p2,锂朋,#2 锂朋,路灯,3.57,6.43,2.86,名单/面积/层份/户表手工系数,
逐户,p2,锂朋,#2 锂朋,线路损耗,54.39,174.04,119.65,名单/面积/层份/户表手工系数,
逐户,p2,锂朋,#2 锂朋,绿化水,7.14,15.71,8.57,名单/面积/层份/户表手工系数,
逐户,p2,新疆三林,#377 新疆三林,路灯,2.8,5.04,2.24,名单/面积/层份/户表手工系数,
逐户,p2,新疆三林,#377 新疆三林,线路损耗,7.56,23.85,16.29,名单/面积/层份/户表手工系数,
逐户,p2,新疆三林,#377 新疆三林,绿化水,5.6,12.32,6.72,名单/面积/层份/户表手工系数,
逐户,p2,恩科,#3 恩科,消防/楼层公共,51.45,51.46,0.01,"取整尾差(≤0.02):户表一次 ROUND 多项,引擎逐池 ROUND 再加",
逐户,p2,恩科,#3 恩科,路灯,7.11,12.79,5.68,名单/面积/层份/户表手工系数,
逐户,p2,恩科,#3 恩科,线路损耗,8.36,22.35,13.99,名单/面积/层份/户表手工系数,
逐户,p2,恩科,#3 恩科,绿化水,14.21,31.26,17.05,名单/面积/层份/户表手工系数,
逐户,p2,飞浪,#4 飞浪,电梯,265.64,274.8,9.16,名单/面积/层份/户表手工系数,
逐户,p2,飞浪,#4 飞浪,路灯,15.5,27.9,12.4,名单/面积/层份/户表手工系数,
逐户,p2,飞浪,#4 飞浪,线路损耗,92.16,245.26,153.1,名单/面积/层份/户表手工系数,
逐户,p2,飞浪,#4 飞浪,绿化水,31,68.2,37.2,名单/面积/层份/户表手工系数,
逐户,p2,魏杰瑜,#5 魏杰瑜,电梯,132.82,137.4,4.58,名单/面积/层份/户表手工系数,
逐户,p2,魏杰瑜,#5 魏杰瑜,路灯,9.55,13.95,4.4,名单/面积/层份/户表手工系数,
逐户,p2,魏杰瑜,#5 魏杰瑜,线路损耗,85.4,259.16,173.76,名单/面积/层份/户表手工系数,
逐户,p2,魏杰瑜,#5 魏杰瑜,绿化水,15.5,34.1,18.6,名单/面积/层份/户表手工系数,
逐户,p2,苏明东,#378 苏明东,电梯,132.82,137.4,4.58,名单/面积/层份/户表手工系数,
逐户,p2,苏明东,#378 苏明东,路灯,11.18,13.95,2.77,名单/面积/层份/户表手工系数,
逐户,p2,苏明东,#378 苏明东,线路损耗,53.06,140.26,87.2,名单/面积/层份/户表手工系数,
逐户,p2,苏明东,#378 苏明东,绿化水,15.5,34.1,18.6,名单/面积/层份/户表手工系数,
逐户,p2,谢福兵,#7 谢福兵,电梯,146.1,151.14,5.04,名单/面积/层份/户表手工系数,
逐户,p2,谢福兵,#7 谢福兵,路灯,8.5,15.3,6.8,名单/面积/层份/户表手工系数,
逐户,p2,谢福兵,#7 谢福兵,线路损耗,12.44,27.17,14.73,名单/面积/层份/户表手工系数,
逐户,p2,谢福兵,#7 谢福兵,绿化水,17,37.4,20.4,名单/面积/层份/户表手工系数,
逐户,p2,铂超贸易,#8 铂超贸易,消防/楼层公共,46.31,48.41,2.1,名单/面积/层份/户表手工系数,
逐户,p2,铂超贸易,#8 铂超贸易,电梯,119.54,123.66,4.12,名单/面积/层份/户表手工系数,
逐户,p2,铂超贸易,#8 铂超贸易,路灯,6.5,12.38,5.88,名单/面积/层份/户表手工系数,
逐户,p2,铂超贸易,#8 铂超贸易,线路损耗,2.78,1.08,-1.7,名单/面积/层份/户表手工系数,
逐户,p2,铂超贸易,#8 铂超贸易,绿化水,13,30.25,17.25,名单/面积/层份/户表手工系数,
逐户,p2,张炳南,#9 张炳南,消防/楼层公共,44.71,44.7,-0.01,"取整尾差(≤0.02):户表一次 ROUND 多项,引擎逐池 ROUND 再加",
逐户,p2,张炳南,#9 张炳南,电梯,119.54,123.66,4.12,名单/面积/层份/户表手工系数,
逐户,p2,张炳南,#9 张炳南,路灯,6.22,11.19,4.97,名单/面积/层份/户表手工系数,
逐户,p2,张炳南,#9 张炳南,线路损耗,58.8,160.17,101.37,名单/面积/层份/户表手工系数,
逐户,p2,张炳南,#9 张炳南,绿化水,12.43,27.35,14.92,名单/面积/层份/户表手工系数,
逐户,p2,驰鸿印业,#10 驰鸿印业,消防/楼层公共,54.1,54.11,0.01,"取整尾差(≤0.02):户表一次 ROUND 多项,引擎逐池 ROUND 再加",
逐户,p2,驰鸿印业,#10 驰鸿印业,电梯,146.1,151.14,5.04,名单/面积/层份/户表手工系数,
逐户,p2,驰鸿印业,#10 驰鸿印业,路灯,9.33,13.5,4.17,名单/面积/层份/户表手工系数,
逐户,p2,驰鸿印业,#10 驰鸿印业,线路损耗,174.95,470.47,295.52,名单/面积/层份/户表手工系数,
逐户,p2,驰鸿印业,#10 驰鸿印业,绿化水,15,33,18,名单/面积/层份/户表手工系数,
逐户,p2,保奔路,#11 保奔路,消防/楼层公共,56.9,12.11,-44.79,名单/面积/层份/户表手工系数,
逐户,p2,保奔路,#11 保奔路,电梯,146.1,151.14,5.04,名单/面积/层份/户表手工系数,
逐户,p2,保奔路,#11 保奔路,路灯,8,0,-8,名单/面积/层份/户表手工系数,
逐户,p2,保奔路,#11 保奔路,线路损耗,7.4,12.87,5.47,名单/面积/层份/户表手工系数,
逐户,p2,保奔路,#11 保奔路,绿化水,16,0,-16,名单/面积/层份/户表手工系数,
逐户,p2,达博普,#12 达博普,电梯,66.41,68.7,2.29,名单/面积/层份/户表手工系数,
逐户,p2,达博普,#12 达博普,路灯,3.25,5.85,2.6,名单/面积/层份/户表手工系数,
逐户,p2,达博普,#12 达博普,线路损耗,2.71,3.99,1.28,名单/面积/层份/户表手工系数,
逐户,p2,达博普,#12 达博普,绿化水,6.5,14.3,7.8,名单/面积/层份/户表手工系数,
逐户,p2,何育平,#13 何育平,电梯,66.41,68.7,2.29,名单/面积/层份/户表手工系数,
逐户,p2,何育平,#13 何育平,路灯,2.51,4.52,2.01,名单/面积/层份/户表手工系数,
逐户,p2,何育平,#13 何育平,线路损耗,55.84,163.67,107.83,名单/面积/层份/户表手工系数,
逐户,p2,何育平,#13 何育平,绿化水,5.02,11.04,6.02,名单/面积/层份/户表手工系数,
逐户,p2,中科华贸,#14 中科华贸,电梯,103.6,107.17,3.57,名单/面积/层份/户表手工系数,
逐户,p2,中科华贸,#14 中科华贸,路灯,1.6,2.88,1.28,名单/面积/层份/户表手工系数,
逐户,p2,中科华贸,#14 中科华贸,线路损耗,3.32,4.17,0.85,名单/面积/层份/户表手工系数,
逐户,p2,中科华贸,#14 中科华贸,绿化水,3.2,7.04,3.84,名单/面积/层份/户表手工系数,
逐户,p2,李李,#15 佛山协作链供应链管理有限公司,路灯,36.01,64.82,28.81,名单/面积/层份/户表手工系数,
逐户,p2,李李,#15 佛山协作链供应链管理有限公司,线路损耗,195.96,3478.46,3282.5,名单/面积/层份/户表手工系数,
逐户,p2,李李,#15 佛山协作链供应链管理有限公司,绿化水,72.02,158.44,86.42,名单/面积/层份/户表手工系数,
逐户,p2,陈曼娜,#16 陈曼娜,路灯,28.13,40.84,12.71,名单/面积/层份/户表手工系数,
逐户,p2,陈曼娜,#16 陈曼娜,线路损耗,39.08,611.14,572.06,名单/面积/层份/户表手工系数,
逐户,p2,陈曼娜,#16 陈曼娜,绿化水,45.38,99.83,54.45,名单/面积/层份/户表手工系数,
逐户,p2,联洛贸易,#17 联洛贸易,路灯,12.9,23.22,10.32,名单/面积/层份/户表手工系数,
逐户,p2,联洛贸易,#17 联洛贸易,线路损耗,14.59,199.83,185.24,名单/面积/层份/户表手工系数,
逐户,p2,联洛贸易,#17 联洛贸易,绿化水,25.8,56.76,30.96,名单/面积/层份/户表手工系数,
逐户,p2,嘉荣,#375 嘉荣,消防/楼层公共,89.36,89.37,0.01,"取整尾差(≤0.02):户表一次 ROUND 多项,引擎逐池 ROUND 再加",
逐户,p2,嘉荣,#375 嘉荣,路灯,10.31,18.55,8.24,名单/面积/层份/户表手工系数,
逐户,p2,嘉荣,#375 嘉荣,线路损耗,44.37,0,-44.37,名单/面积/层份/户表手工系数,
逐户,p2,嘉荣,#375 嘉荣,绿化水,20.61,45.35,24.74,名单/面积/层份/户表手工系数,
逐户,p2,艾派斯,#20 艾派斯,消防/楼层公共,55.23,52.17,-3.06,名单/面积/层份/户表手工系数,
逐户,p2,艾派斯,#20 艾派斯,路灯,6.25,11.25,5,名单/面积/层份/户表手工系数,
逐户,p2,艾派斯,#20 艾派斯,线路损耗,9.72,168.51,158.79,名单/面积/层份/户表手工系数,
逐户,p2,艾派斯,#20 艾派斯,绿化水,12.5,27.5,15,名单/面积/层份/户表手工系数,
逐户,p2,易立,#21 易立,消防/楼层公共,34.01,34.02,0.01,"取整尾差(≤0.02):户表一次 ROUND 多项,引擎逐池 ROUND 再加",
逐户,p2,易立,#21 易立,路灯,3.51,6.31,2.8,名单/面积/层份/户表手工系数,
逐户,p2,易立,#21 易立,线路损耗,4.33,76.28,71.95,名单/面积/层份/户表手工系数,
逐户,p2,易立,#21 易立,绿化水,7.01,15.42,8.41,名单/面积/层份/户表手工系数,
逐户,p2,星州,#22 星州,电梯,102.33,153.5,51.17,名单/面积/层份/户表手工系数,
逐户,p2,星州,#22 星州,路灯,21.08,20.93,-0.15,名单/面积/层份/户表手工系数,
逐户,p2,星州,#22 星州,线路损耗,614.39,62.95,-551.44,名单/面积/层份/户表手工系数,
逐户,p2,星州,#22 星州,绿化水,23.25,51.15,27.9,名单/面积/层份/户表手工系数,
逐户,p2,永龙,#23 永龙,电梯,102.33,153.5,51.17,名单/面积/层份/户表手工系数,
逐户,p2,永龙,#23 永龙,路灯,19.22,20.93,1.71,名单/面积/层份/户表手工系数,
逐户,p2,永龙,#23 永龙,线路损耗,743.01,17783.36,17040.35,名单/面积/层份/户表手工系数,
逐户,p2,永龙,#23 永龙,绿化水,23.25,51.15,27.9,名单/面积/层份/户表手工系数,
逐户,p2,邓宇峰,#60 邓宇峰,消防/楼层公共,274.51,218.31,-56.2,名单/面积/层份/户表手工系数,
逐户,p2,邓宇峰,#60 邓宇峰,电梯,422.67,471.05,48.38,名单/面积/层份/户表手工系数,
逐户,p2,邓宇峰,#60 邓宇峰,路灯,55.14,41.8,-13.34,名单/面积/层份/户表手工系数,
逐户,p2,邓宇峰,#60 邓宇峰,线路损耗,752.27,573.34,-178.93,名单/面积/层份/户表手工系数,
逐户,p2,邓宇峰,#60 邓宇峰,绿化水,102.92,102.17,-0.75,名单/面积/层份/户表手工系数,
逐户,p2,广联,#28 广联,消防/楼层公共,345.75,345.76,0.01,"取整尾差(≤0.02):户表一次 ROUND 多项,引擎逐池 ROUND 再加",
逐户,p2,广联,#28 广联,电梯,1055.83,1407.78,351.95,名单/面积/层份/户表手工系数,
逐户,p2,广联,#28 广联,路灯,46.32,83.37,37.05,名单/面积/层份/户表手工系数,
逐户,p2,广联,#28 广联,线路损耗,100.8,0,-100.8,名单/面积/层份/户表手工系数,
逐户,p2,广联,#28 广联,绿化水,92.63,203.79,111.16,名单/面积/层份/户表手工系数,
逐户,p2,氙明,#29 氙明,电梯,211.17,281.56,70.39,名单/面积/层份/户表手工系数,
逐户,p2,氙明,#29 氙明,路灯,18.53,33.35,14.82,名单/面积/层份/户表手工系数,
逐户,p2,氙明,#29 氙明,线路损耗,7.09,0,-7.09,名单/面积/层份/户表手工系数,
逐户,p2,氙明,#29 氙明,绿化水,37.05,81.51,44.46,名单/面积/层份/户表手工系数,
逐户,p2,威玛斯,#30 威玛斯,电梯,211.17,281.56,70.39,名单/面积/层份/户表手工系数,
逐户,p2,威玛斯,#30 威玛斯,路灯,9.26,16.67,7.41,名单/面积/层份/户表手工系数,
逐户,p2,威玛斯,#30 威玛斯,线路损耗,5.69,0,-5.69,名单/面积/层份/户表手工系数,
逐户,p2,威玛斯,#30 威玛斯,绿化水,18.53,40.76,22.23,名单/面积/层份/户表手工系数,
逐户,p2,张木兰,#32 张木兰,路灯,11,19.8,8.8,名单/面积/层份/户表手工系数,
逐户,p2,张木兰,#32 张木兰,线路损耗,6.21,5.92,-0.29,名单/面积/层份/户表手工系数,
逐户,p2,张木兰,#32 张木兰,绿化水,22,48.4,26.4,名单/面积/层份/户表手工系数,
逐户,p2,两岸食品,#33 两岸食品,消防/楼层公共,7.53,25.11,17.58,名单/面积/层份/户表手工系数,
逐户,p2,两岸食品,#33 两岸食品,电梯,25.34,84.47,59.13,名单/面积/层份/户表手工系数,
逐户,p2,两岸食品,#33 两岸食品,路灯,3.25,5.85,2.6,名单/面积/层份/户表手工系数,
逐户,p2,两岸食品,#33 两岸食品,线路损耗,1.15,8.55,7.4,名单/面积/层份/户表手工系数,
逐户,p2,两岸食品,#33 两岸食品,绿化水,6.5,14.3,7.8,名单/面积/层份/户表手工系数,
逐户,p2,力灏,#48 力灏,消防/楼层公共,557.43,532.42,-25.01,名单/面积/层份/户表手工系数,
逐户,p2,力灏,#48 力灏,电梯,966.96,763.4,-203.56,名单/面积/层份/户表手工系数,
逐户,p2,力灏,#48 力灏,线路损耗,1353.48,259.63,-1093.85,名单/面积/层份/户表手工系数,
逐户,p2,力灏,#48 力灏,绿化水,253.9,310.32,56.42,名单/面积/层份/户表手工系数,
逐户,p2,朱漫钳,#61 朱漫钳,消防/楼层公共,76.64,73.22,-3.42,名单/面积/层份/户表手工系数,
逐户,p2,朱漫钳,#61 朱漫钳,电梯,198.23,156.5,-41.73,名单/面积/层份/户表手工系数,
逐户,p2,朱漫钳,#61 朱漫钳,路灯,11.97,17.5,5.53,名单/面积/层份/户表手工系数,
逐户,p2,朱漫钳,#61 朱漫钳,线路损耗,18.4,3.08,-15.32,名单/面积/层份/户表手工系数,
逐户,p2,朱漫钳,#61 朱漫钳,绿化水,34.99,42.77,7.78,名单/面积/层份/户表手工系数,
逐户,p2,南一,#62 南一,消防/楼层公共,39.37,37.62,-1.75,名单/面积/层份/户表手工系数,
逐户,p2,南一,#62 南一,电梯,101.53,80.16,-21.37,名单/面积/层份/户表手工系数,
逐户,p2,南一,#62 南一,路灯,5,9,4,名单/面积/层份/户表手工系数,
逐户,p2,南一,#62 南一,线路损耗,5.33,0.45,-4.88,名单/面积/层份/户表手工系数,
逐户,p2,南一,#62 南一,绿化水,18,22,4,名单/面积/层份/户表手工系数,
逐户,p2,彭云霞,#49 彭云霞,消防/楼层公共,189.56,181.22,-8.34,名单/面积/层份/户表手工系数,
逐户,p2,彭云霞,#49 彭云霞,电梯,483.48,381.7,-101.78,名单/面积/层份/户表手工系数,
逐户,p2,彭云霞,#49 彭云霞,线路损耗,21.88,1.73,-20.15,名单/面积/层份/户表手工系数,
逐户,p2,彭云霞,#49 彭云霞,绿化水,87.04,106.38,19.34,名单/面积/层份/户表手工系数,
逐户,p2,方凯鑫,#53 方凯鑫,消防/楼层公共,138.65,134.49,-4.16,名单/面积/层份/户表手工系数,
逐户,p2,方凯鑫,#53 方凯鑫,电梯,241.74,190.85,-50.89,名单/面积/层份/户表手工系数,
逐户,p2,方凯鑫,#53 方凯鑫,线路损耗,104.63,25.54,-79.09,名单/面积/层份/户表手工系数,
逐户,p2,方凯鑫,#53 方凯鑫,绿化水,58.77,71.82,13.05,名单/面积/层份/户表手工系数,
逐户,p2,王红婷,#64 王红婷,消防/楼层公共,20.43,19.52,-0.91,名单/面积/层份/户表手工系数,
逐户,p2,王红婷,#64 王红婷,电梯,53.18,41.99,-11.19,名单/面积/层份/户表手工系数,
逐户,p2,王红婷,#64 王红婷,路灯,2.59,4.65,2.06,名单/面积/层份/户表手工系数,
逐户,p2,王红婷,#64 王红婷,线路损耗,13.47,1.79,-11.68,名单/面积/层份/户表手工系数,
逐户,p2,王红婷,#64 王红婷,绿化水,9.31,11.37,2.06,名单/面积/层份/户表手工系数,
逐户,p2,张文峰,#65 张文峰,消防/楼层公共,34.27,43.73,9.46,名单/面积/层份/户表手工系数,
逐户,p2,张文峰,#65 张文峰,电梯,164.38,129.78,-34.6,名单/面积/层份/户表手工系数,
逐户,p2,张文峰,#65 张文峰,路灯,10.58,14.99,4.41,名单/面积/层份/户表手工系数,
逐户,p2,张文峰,#65 张文峰,线路损耗,9.91,1.17,-8.74,名单/面积/层份/户表手工系数,
逐户,p2,张文峰,#65 张文峰,绿化水,29.97,36.63,6.66,名单/面积/层份/户表手工系数,
逐户,p2,陈土生,#66 陈土生,消防/楼层公共,29.47,28.13,-1.34,名单/面积/层份/户表手工系数,
逐户,p2,陈土生,#66 陈土生,电梯,77.36,61.07,-16.29,名单/面积/层份/户表手工系数,
逐户,p2,陈土生,#66 陈土生,路灯,3.72,6.69,2.97,名单/面积/层份/户表手工系数,
逐户,p2,陈土生,#66 陈土生,线路损耗,5.9,0.62,-5.28,名单/面积/层份/户表手工系数,
逐户,p2,陈土生,#66 陈土生,绿化水,13.37,16.35,2.98,名单/面积/层份/户表手工系数,
逐户,p2,三龙,#56 三龙,消防/楼层公共,162.43,73.99,-88.44,名单/面积/层份/户表手工系数,
逐户,p2,三龙,#56 三龙,电梯,483.48,381.7,-101.78,名单/面积/层份/户表手工系数,
逐户,p2,三龙,#56 三龙,路灯,34.8,9.05,-25.75,名单/面积/层份/户表手工系数,
逐户,p2,三龙,#56 三龙,线路损耗,243.07,46.14,-196.93,名单/面积/层份/户表手工系数,
逐户,p2,三龙,#56 三龙,绿化水,69.6,22.13,-47.47,名单/面积/层份/户表手工系数,
逐户,p2,柯建伍,#67 柯建伍,路灯,17,30.6,13.6,名单/面积/层份/户表手工系数,
逐户,p2,柯建伍,#67 柯建伍,线路损耗,27.6,16.08,-11.52,名单/面积/层份/户表手工系数,
逐户,p2,柯建伍,#67 柯建伍,绿化水,61.2,74.8,13.6,名单/面积/层份/户表手工系数,
逐户,p2,刘彪,#55 刘彪,消防/楼层公共,72.59,49.43,-23.16,名单/面积/层份/户表手工系数,
逐户,p2,刘彪,#55 刘彪,电梯,92.9,92.09,-0.81,名单/面积/层份/户表手工系数,
逐户,p2,刘彪,#55 刘彪,路灯,6.74,12.13,5.39,名单/面积/层份/户表手工系数,
逐户,p2,刘彪,#55 刘彪,线路损耗,9.51,3.85,-5.66,名单/面积/层份/户表手工系数,
逐户,p2,刘彪,#55 刘彪,绿化水,13.48,29.65,16.17,名单/面积/层份/户表手工系数,
逐户,p2,应塘,#58 应塘,电梯,134.54,133.37,-1.17,名单/面积/层份/户表手工系数,
逐户,p2,应塘,#58 应塘,路灯,19.75,17.5,-2.25,名单/面积/层份/户表手工系数,
逐户,p2,应塘,#58 应塘,线路损耗,6.4,0.43,-5.97,名单/面积/层份/户表手工系数,
逐户,p2,应塘,#58 应塘,绿化水,34.99,42.77,7.78,名单/面积/层份/户表手工系数,
逐户,p2,欧培敬,#59 欧培敬,电梯,89.7,88.91,-0.79,名单/面积/层份/户表手工系数,
逐户,p2,欧培敬,#59 欧培敬,路灯,17.82,11.79,-6.03,名单/面积/层份/户表手工系数,
逐户,p2,欧培敬,#59 欧培敬,线路损耗,51.74,38.35,-13.39,名单/面积/层份/户表手工系数,
逐户,p2,欧培敬,#59 欧培敬,绿化水,23.58,28.82,5.24,名单/面积/层份/户表手工系数,
逐户,p2,曹小芳,#68 曹小芳,消防/楼层公共,175.48,117,-58.48,名单/面积/层份/户表手工系数,
逐户,p2,曹小芳,#68 曹小芳,电梯,224.24,222.29,-1.95,名单/面积/层份/户表手工系数,
逐户,p2,曹小芳,#68 曹小芳,路灯,17.68,28.53,10.85,名单/面积/层份/户表手工系数,
逐户,p2,曹小芳,#68 曹小芳,线路损耗,46.81,28.62,-18.19,名单/面积/层份/户表手工系数,
逐户,p2,曹小芳,#68 曹小芳,绿化水,31.7,69.75,38.05,名单/面积/层份/户表手工系数,
逐户,p2,庞俊妨,#57 庞俊妨,电梯,96.1,95.27,-0.83,名单/面积/层份/户表手工系数,
逐户,p2,庞俊妨,#57 庞俊妨,线路损耗,12.58,11.38,-1.2,名单/面积/层份/户表手工系数,
逐户,p2,庞俊妨,#57 庞俊妨,绿化水,19.8,24.2,4.4,名单/面积/层份/户表手工系数,
逐户,p2,丁天伦,#50 丁天伦,电梯,105.71,104.79,-0.92,名单/面积/层份/户表手工系数,
逐户,p2,丁天伦,#50 丁天伦,线路损耗,14.98,8.34,-6.64,名单/面积/层份/户表手工系数,
逐户,p2,丁天伦,#50 丁天伦,绿化水,30.6,37.4,6.8,名单/面积/层份/户表手工系数,
逐户,p2,石荣杰,#51 石荣杰,电梯,105.71,104.79,-0.92,名单/面积/层份/户表手工系数,
逐户,p2,石荣杰,#51 石荣杰,线路损耗,15.78,10.45,-5.33,名单/面积/层份/户表手工系数,
逐户,p2,石荣杰,#51 石荣杰,绿化水,18.54,22.66,4.12,名单/面积/层份/户表手工系数,
逐户,p2,徐翾,#52 徐翾,消防/楼层公共,43.88,43.89,0.01,"取整尾差(≤0.02):户表一次 ROUND 多项,引擎逐池 ROUND 再加",
逐户,p2,徐翾,#52 徐翾,电梯,105.71,104.79,-0.92,名单/面积/层份/户表手工系数,
逐户,p2,徐翾,#52 徐翾,线路损耗,15.4,9.01,-6.39,名单/面积/层份/户表手工系数,
逐户,p2,徐翾,#52 徐翾,绿化水,19.66,24.02,4.36,名单/面积/层份/户表手工系数,
逐户,p2,罗立剑,#54 罗立剑,消防/楼层公共,284.54,287.23,2.69,名单/面积/层份/户表手工系数,
逐户,p2,罗立剑,#54 罗立剑,电梯,640.68,635.1,-5.58,名单/面积/层份/户表手工系数,
逐户,p2,罗立剑,#54 罗立剑,路灯,43.73,66.4,22.67,名单/面积/层份/户表手工系数,
逐户,p2,罗立剑,#54 罗立剑,线路损耗,776.16,583.68,-192.48,名单/面积/层份/户表手工系数,
逐户,p2,罗立剑,#54 罗立剑,绿化水,72.82,162.31,89.49,名单/面积/层份/户表手工系数,
逐户,p2,陈书谨,#69 陈书谨,消防/楼层公共,,17.09,17.09,名单/面积/层份/户表手工系数,
逐户,p2,陈书谨,#69 陈书谨,路灯,3.05,5.49,2.44,名单/面积/层份/户表手工系数,
逐户,p2,陈书谨,#69 陈书谨,线路损耗,5.76,0,-5.76,名单/面积/层份/户表手工系数,
逐户,p2,陈书谨,#69 陈书谨,绿化水,6.11,13.43,7.32,名单/面积/层份/户表手工系数,
损耗,p1,一期 A座,,分摊度数 G(含扣度),-2765.12,376.92,3142.04,"园区公共分摊度数/硬扣度(源册 G 列内联扣度,引擎 gQty+adjQty)",
损耗,p1,一期 A座,,加点 H,0.003,,-0.003,"加点:源册 0.003,引擎该月 loss_adj_rate=未配",
损耗,p1,一期 A座,,收取率,0.0433,0.0952,0.0519,跟随分摊度数 G(含扣度)、加点 H差,
损耗,p1,一期 B座,,分摊度数 G(含扣度),234.88,376.92,142.04,"园区公共分摊度数/硬扣度(源册 G 列内联扣度,引擎 gQty+adjQty)",
损耗,p1,一期 B座,,加点 H,0.003,,-0.003,"加点:源册 0.003,引擎该月 loss_adj_rate=未配",
损耗,p1,一期 B座,,收取率,0.0148,0.019,0.0042,跟随分摊度数 G(含扣度)、加点 H差,
损耗,p1,一期 C座,,分摊度数 G(含扣度),234.88,376.92,142.04,"园区公共分摊度数/硬扣度(源册 G 列内联扣度,引擎 gQty+adjQty)",
损耗,p1,一期 C座,,加点 H,0.003,,-0.003,"加点:源册 0.003,引擎该月 loss_adj_rate=未配",
损耗,p1,一期 C座,,收取率,0.0141,0.0179,0.0038,跟随分摊度数 G(含扣度)、加点 H差,
损耗,p1,一期 D座,,分摊度数 G(含扣度),734.88,376.92,-357.96,"园区公共分摊度数/硬扣度(源册 G 列内联扣度,引擎 gQty+adjQty)",
损耗,p1,一期 D座,,加点 H,0.003,,-0.003,"加点:源册 0.003,引擎该月 loss_adj_rate=未配",
损耗,p1,一期 D座,,收取率,0.021,0.012,-0.009,跟随分摊度数 G(含扣度)、加点 H差,
损耗,p1,一期 E座,,分摊度数 G(含扣度),734.88,376.92,-357.96,"园区公共分摊度数/硬扣度(源册 G 列内联扣度,引擎 gQty+adjQty)",
损耗,p1,一期 E座,,加点 H,0.003,,-0.003,"加点:源册 0.003,引擎该月 loss_adj_rate=未配",
损耗,p1,一期 E座,,收取率,0.0165,0.0085,-0.008,跟随分摊度数 G(含扣度)、加点 H差,
损耗,p1,一期 F座,,分表 D,73228.5,72891.1,-337.4,"分表成员不同,见分表下钻",
损耗,p1,一期 F座,,损耗 E,-117.9,-455.3,-337.4,跟随分表 D / 总表 C 差,
损耗,p1,一期 F座,,分摊度数 G(含扣度),234.88,376.92,142.04,"园区公共分摊度数/硬扣度(源册 G 列内联扣度,引擎 gQty+adjQty)",
损耗,p1,一期 F座,,加点 H,0.005,,-0.005,"加点:源册 0.005,引擎该月 loss_adj_rate=未配",
损耗,p1,一期 F座,,收取率,0.0098,0.0113,0.0015,跟随分表 D、损耗 E、分摊度数 G(含扣度)、加点 H差,
损耗,p1,一期 G座  ← 源册 G座+G座翔海专变,,分表 D,134650.4,110.8,-134539.6,"分表成员不同,见分表下钻",
损耗,p1,一期 G座  ← 源册 G座+G座翔海专变,,损耗 E,,-134539.6,-134539.6,跟随分表 D / 总表 C 差,
损耗,p1,一期 G座  ← 源册 G座+G座翔海专变,,分摊度数 G(含扣度),,376.92,376.92,"园区公共分摊度数/硬扣度(源册 G 列内联扣度,引擎 gQty+adjQty)",
损耗,p2,二期 一车间,,分表 D,37855.4,37943.7,88.3,"分表成员不同,见分表下钻",
损耗,p2,二期 一车间,,损耗 E,-1654.6,-1566.3,88.3,跟随分表 D / 总表 C 差,
损耗,p2,二期 一车间,,调整度数 H,-1000,0,1000,"调整度数:源册 -1000,引擎该月 loss_adj_qty=0",
损耗,p2,二期 一车间,,加点 I,0.002,,-0.002,"加点:源册 0.002,引擎该月 loss_adj_rate=未配",
损耗,p2,二期 一车间,,收取率,0.0146,0.0396,0.025,跟随分表 D、损耗 E、调整度数 H、加点 I差,
损耗,p2,二期 二车间/二期 三车间/二期 四车间(二期 三车间供电)  ← 源册 二车间+三车间+四车间,,分表 D,94141.93,68317.18,-25824.75,"分表成员不同,见分表下钻",
损耗,p2,二期 二车间/二期 三车间/二期 四车间(二期 三车间供电)  ← 源册 二车间+三车间+四车间,,损耗 E,-12558.07,-38382.82,-25824.75,跟随分表 D / 总表 C 差,
损耗,p2,二期 二车间/二期 三车间/二期 四车间(二期 三车间供电)  ← 源册 二车间+三车间+四车间,,调整度数 H,-10000,0,10000,"调整度数:源册 -10000,引擎该月 loss_adj_qty=0",
损耗,p2,二期 二车间/二期 三车间/二期 四车间(二期 三车间供电)  ← 源册 二车间+三车间+四车间,,加点 I,0.002,,-0.002,"加点:源册 0.002,引擎该月 loss_adj_rate=未配",
损耗,p2,二期 二车间/二期 三车间/二期 四车间(二期 三车间供电)  ← 源册 二车间+三车间+四车间,,收取率,0.0203,0.3597,0.3394,跟随分表 D、损耗 E、调整度数 H、加点 I差,
损耗,p2,二期 五车间,,调整度数 H,1500,0,-1500,"调整度数:源册 1500,引擎该月 loss_adj_qty=0",
损耗,p2,二期 五车间,,加点 I,0.002,,-0.002,"加点:源册 0.002,引擎该月 loss_adj_rate=未配",
损耗,p2,二期 五车间,,收取率,0.0187,0.0028,-0.0159,跟随调整度数 H、加点 I差,
损耗,p2,二期 六车间,,调整度数 H,500,0,-500,"调整度数:源册 500,引擎该月 loss_adj_qty=0",
损耗,p2,二期 六车间,,加点 I,0.002,,-0.002,"加点:源册 0.002,引擎该月 loss_adj_rate=未配",
损耗,p2,二期 六车间,,收取率,0.0284,0.0185,-0.0099,跟随调整度数 H、加点 I差,
