ym	rule_id	qty_total	qty_sharp	qty_peak	qty_flat	qty_valley	extra_qty_snap	cost_amount	base_snap	std_value	fold_add	price_snap	allocated_amount	gap_amount
2023-10	2	NULL	NULL	NULL	NULL	NULL	0.00	NULL	NULL	NULL	NULL	NULL	NULL	NULL
2023-10	3	NULL	NULL	NULL	NULL	NULL	0.00	NULL	NULL	NULL	NULL	NULL	NULL	NULL
2023-10	4	NULL	NULL	NULL	NULL	NULL	0.00	NULL	NULL	NULL	NULL	NULL	NULL	NULL
2023-10	5	NULL	NULL	NULL	NULL	NULL	0.00	NULL	NULL	NULL	NULL	NULL	NULL	NULL
2023-10	6	NULL	NULL	NULL	NULL	NULL	0.00	NULL	NULL	NULL	NULL	NULL	NULL	NULL
2023-10	7	NULL	NULL	NULL	NULL	NULL	0.00	NULL	NULL	NULL	NULL	NULL	NULL	NULL
2023-10	8	NULL	NULL	NULL	NULL	NULL	0.00	NULL	NULL	NULL	NULL	NULL	NULL	NULL
2023-10	9	NULL	NULL	NULL	NULL	NULL	0.00	NULL	NULL	NULL	NULL	NULL	NULL	NULL
2023-10	10	NULL	NULL	NULL	NULL	NULL	0.00	NULL	NULL	NULL	NULL	NULL	NULL	NULL
2023-10	11	NULL	NULL	NULL	NULL	NULL	0.00	NULL	NULL	NULL	NULL	NULL	NULL	NULL
2023-10	12	NULL	NULL	NULL	NULL	NULL	0.00	NULL	NULL	NULL	NULL	NULL	NULL	NULL
2023-10	13	NULL	NULL	NULL	NULL	NULL	0.00	NULL	NULL	NULL	NULL	NULL	NULL	NULL
2023-10	14	NULL	NULL	NULL	NULL	NULL	0.00	NULL	NULL	NULL	NULL	NULL	NULL	NULL
2023-10	15	NULL	NULL	NULL	NULL	NULL	0.00	NULL	NULL	NULL	NULL	NULL	NULL	NULL
2023-10	16	NULL	NULL	NULL	NULL	NULL	0.00	NULL	NULL	NULL	NULL	NULL	NULL	NULL
2023-10	17	NULL	NULL	NULL	NULL	NULL	0.00	NULL	NULL	NULL	NULL	NULL	NULL	NULL
2023-10	18	NULL	NULL	NULL	NULL	NULL	0.00	NULL	NULL	NULL	NULL	NULL	NULL	NULL
2023-10	19	NULL	NULL	NULL	NULL	NULL	0.00	NULL	NULL	NULL	NULL	NULL	NULL	NULL
2023-10	20	NULL	NULL	NULL	NULL	NULL	0.00	NULL	NULL	NULL	NULL	NULL	NULL	NULL
2023-10	21	NULL	NULL	NULL	NULL	NULL	0.00	NULL	NULL	NULL	NULL	NULL	NULL	NULL
2023-10	22	NULL	NULL	NULL	NULL	NULL	0.00	NULL	NULL	NULL	NULL	NULL	NULL	NULL
2023-10	23	363.79	0.00	0.00	-670.21	0.00	-670.00	401.32	NULL	401.32000000	NULL	1.10316875	NULL	NULL
2023-10	24	1689.00	0.00	0.00	-670.21	0.00	0.00	1863.25	NULL	NULL	NULL	1.10316875	NULL	NULL
2023-10	25	3679.80	0.00	0.00	0.00	0.00	0.00	4059.44	80000.00	0.05000000	NULL	1.10316875	NULL	NULL
2023-10	26	0.00	0.00	0.00	0.00	0.00	0.00	0.00	NULL	0.00000000	NULL	1.10316875	NULL	NULL
2023-10	27	0.03	0.00	0.00	0.00	0.00	0.00	0.03	NULL	0.03000000	NULL	1.10316875	NULL	NULL
2023-10	28	38.73	0.00	0.00	0.00	0.00	0.00	42.73	1734.73	0.02000000	NULL	1.10316875	NULL	NULL
2023-10	29	102.84	0.00	0.00	0.00	0.00	0.00	113.45	2293.34	0.05000000	NULL	1.10316875	NULL	NULL
2023-10	30	0.00	0.00	0.00	0.00	0.00	0.00	0.00	NULL	0.00000000	NULL	1.10316875	NULL	NULL
2023-10	31	0.00	0.00	0.00	0.00	0.00	0.00	0.00	NULL	0.00000000	NULL	1.10316875	NULL	NULL
2023-10	32	103.49	0.00	0.00	0.00	0.00	0.00	114.17	579.13	0.20000000	NULL	1.10316875	NULL	NULL
2023-10	33	64.42	0.00	0.00	0.00	0.00	0.00	71.07	734.02	0.10000000	NULL	1.10316875	NULL	NULL
2023-10	34	8.08	0.00	0.00	0.00	0.00	0.00	8.91	734.02	0.01000000	NULL	1.10316875	NULL	NULL
2023-10	35	6.92	0.00	0.00	0.00	0.00	0.00	7.63	NULL	7.63000000	NULL	1.10316875	NULL	NULL
2023-10	36	15.60	0.00	0.00	0.00	0.00	0.00	17.21	NULL	17.21000000	NULL	1.10316875	NULL	NULL
2023-10	37	68.02	0.00	0.00	0.00	0.00	0.00	75.04	1417.26	0.05000000	NULL	1.10316875	NULL	NULL
2023-10	38	9.41	0.00	0.00	0.00	0.00	0.00	10.38	1417.26	0.01000000	NULL	1.10316875	NULL	NULL
2023-10	39	0.00	0.00	0.00	0.00	0.00	0.00	0.00	NULL	0.00000000	NULL	1.10316875	NULL	NULL
2023-10	40	1418.92	0.00	0.00	0.00	0.00	0.00	1565.30	12487.04	0.13000000	NULL	1.10316875	NULL	NULL
2023-10	41	NULL	NULL	NULL	NULL	NULL	0.00	NULL	NULL	NULL	NULL	NULL	NULL	NULL
2023-10	42	NULL	NULL	NULL	NULL	NULL	0.00	NULL	NULL	NULL	NULL	NULL	NULL	NULL
2023-10	43	NULL	NULL	NULL	NULL	NULL	0.00	NULL	NULL	NULL	NULL	NULL	NULL	NULL
2023-10	44	NULL	NULL	NULL	NULL	NULL	0.00	NULL	NULL	NULL	NULL	NULL	NULL	NULL
2023-10	45	NULL	NULL	NULL	NULL	NULL	0.00	NULL	NULL	NULL	NULL	NULL	NULL	NULL
2023-10	46	NULL	NULL	NULL	NULL	NULL	0.00	NULL	NULL	NULL	NULL	NULL	NULL	NULL
2023-10	47	NULL	NULL	NULL	NULL	NULL	0.00	NULL	NULL	NULL	NULL	NULL	NULL	NULL
2023-10	48	NULL	NULL	NULL	NULL	NULL	0.00	NULL	NULL	NULL	NULL	NULL	NULL	NULL
2023-10	49	NULL	NULL	NULL	NULL	NULL	0.00	NULL	NULL	NULL	NULL	NULL	NULL	NULL
2023-10	50	NULL	NULL	NULL	NULL	NULL	170.00	NULL	NULL	NULL	NULL	NULL	NULL	NULL
2023-10	51	NULL	NULL	NULL	NULL	NULL	0.00	NULL	NULL	NULL	NULL	NULL	NULL	NULL
2023-10	52	NULL	NULL	NULL	NULL	NULL	0.00	NULL	NULL	NULL	NULL	NULL	NULL	NULL
2023-10	53	NULL	NULL	NULL	NULL	NULL	0.00	NULL	NULL	NULL	NULL	NULL	NULL	NULL
2023-10	54	NULL	NULL	NULL	NULL	NULL	0.00	NULL	NULL	NULL	NULL	NULL	NULL	NULL
2023-10	55	NULL	NULL	NULL	NULL	NULL	0.00	NULL	NULL	NULL	NULL	NULL	NULL	NULL
2023-10	56	NULL	NULL	NULL	NULL	NULL	0.00	NULL	NULL	NULL	NULL	NULL	NULL	NULL
2023-10	57	NULL	NULL	NULL	NULL	NULL	0.00	NULL	NULL	NULL	NULL	NULL	NULL	NULL
2023-10	58	NULL	NULL	NULL	NULL	NULL	0.00	NULL	NULL	NULL	NULL	NULL	NULL	NULL
2023-10	59	NULL	NULL	NULL	NULL	NULL	100.00	NULL	NULL	NULL	NULL	NULL	NULL	NULL
2023-10	60	NULL	NULL	NULL	NULL	NULL	0.00	NULL	NULL	NULL	NULL	NULL	NULL	NULL
2023-10	61	NULL	NULL	NULL	NULL	NULL	0.00	NULL	NULL	NULL	NULL	NULL	NULL	NULL
2023-10	62	NULL	NULL	NULL	NULL	NULL	0.00	NULL	NULL	NULL	NULL	NULL	NULL	NULL
2023-10	63	NULL	NULL	NULL	NULL	NULL	0.00	NULL	NULL	NULL	NULL	NULL	NULL	NULL
2023-10	64	NULL	NULL	NULL	NULL	NULL	0.00	NULL	NULL	NULL	NULL	NULL	NULL	NULL
2023-10	65	NULL	NULL	NULL	NULL	NULL	0.00	NULL	NULL	NULL	NULL	NULL	NULL	NULL
2023-10	66	NULL	NULL	NULL	NULL	NULL	0.00	NULL	NULL	NULL	NULL	NULL	NULL	NULL
2023-10	67	NULL	NULL	NULL	NULL	NULL	0.00	NULL	NULL	NULL	NULL	NULL	NULL	NULL
2023-10	68	NULL	NULL	NULL	NULL	NULL	0.00	NULL	NULL	NULL	NULL	NULL	NULL	NULL
2023-10	69	NULL	NULL	NULL	NULL	NULL	100.00	NULL	NULL	NULL	NULL	NULL	NULL	NULL
2023-10	70	NULL	NULL	NULL	NULL	NULL	100.00	NULL	NULL	NULL	NULL	NULL	NULL	NULL
2023-10	71	NULL	NULL	NULL	NULL	NULL	0.00	NULL	NULL	NULL	NULL	NULL	NULL	NULL
2023-10	72	NULL	NULL	NULL	NULL	NULL	0.00	NULL	NULL	NULL	NULL	NULL	NULL	NULL
2023-10	73	NULL	NULL	NULL	NULL	NULL	0.00	NULL	NULL	NULL	NULL	NULL	NULL	NULL
2023-10	74	NULL	NULL	NULL	NULL	NULL	0.00	NULL	NULL	NULL	NULL	NULL	NULL	NULL
2023-10	75	NULL	NULL	NULL	NULL	NULL	0.00	NULL	NULL	NULL	NULL	NULL	NULL	NULL
2023-10	76	NULL	NULL	NULL	NULL	NULL	0.00	NULL	NULL	NULL	NULL	NULL	NULL	NULL
2023-10	77	NULL	NULL	NULL	NULL	NULL	0.00	NULL	NULL	NULL	NULL	NULL	NULL	NULL
2023-10	78	NULL	NULL	NULL	NULL	NULL	0.00	NULL	NULL	NULL	NULL	NULL	NULL	NULL
2023-10	79	NULL	NULL	NULL	NULL	NULL	0.00	NULL	NULL	NULL	NULL	NULL	NULL	NULL
2023-10	80	NULL	NULL	NULL	NULL	NULL	0.00	NULL	NULL	NULL	NULL	NULL	NULL	NULL
2023-10	81	NULL	NULL	NULL	NULL	NULL	0.00	NULL	NULL	NULL	NULL	NULL	NULL	NULL
2023-10	82	NULL	NULL	NULL	NULL	NULL	0.00	NULL	NULL	NULL	NULL	NULL	NULL	NULL
2023-10	83	NULL	NULL	NULL	NULL	NULL	0.00	NULL	NULL	NULL	NULL	NULL	NULL	NULL
2023-10	84	NULL	NULL	NULL	NULL	NULL	0.00	NULL	NULL	NULL	NULL	NULL	NULL	NULL
2023-10	85	NULL	NULL	NULL	NULL	NULL	0.00	NULL	NULL	NULL	NULL	NULL	NULL	NULL
2023-10	86	NULL	NULL	NULL	NULL	NULL	0.00	NULL	NULL	NULL	NULL	NULL	NULL	NULL
2023-10	87	NULL	NULL	NULL	NULL	NULL	0.00	NULL	NULL	NULL	NULL	NULL	NULL	NULL
2023-10	88	NULL	NULL	NULL	NULL	NULL	0.00	NULL	NULL	NULL	NULL	NULL	NULL	NULL
2023-10	89	NULL	NULL	NULL	NULL	NULL	200.00	NULL	NULL	NULL	NULL	NULL	NULL	NULL
2023-10	90	NULL	NULL	NULL	NULL	NULL	0.00	NULL	NULL	NULL	NULL	NULL	NULL	NULL
2023-10	91	NULL	NULL	NULL	NULL	NULL	0.00	NULL	NULL	NULL	NULL	NULL	NULL	NULL
2024-02	2	160.80	20.10	26.70	60.30	53.70	0.00	141.27	7.00	20.18000000	NULL	NULL	20.18	-121.09
2024-02	3	860.00	138.00	190.80	359.20	172.00	0.00	843.14	5.80	145.37000000	NULL	NULL	145.38	-697.76
2024-02	4	3.60	0.60	0.45	1.50	1.05	0.00	3.23	148918.01	0.00000000	NULL	NULL	0.00	-3.23
2024-02	5	253.50	31.50	42.30	95.10	84.60	0.00	222.75	7.00	31.82000000	NULL	NULL	31.82	-190.93
2024-02	6	988.80	187.20	244.00	407.20	150.40	0.00	1015.55	6.00	169.26000000	NULL	NULL	169.27	-846.28
2024-02	7	220.20	29.40	38.10	82.80	69.90	0.00	196.67	7.00	28.10000000	NULL	NULL	28.10	-168.57
2024-02	8	708.00	117.60	151.20	281.60	157.60	0.00	686.33	4.00	171.58000000	NULL	NULL	171.58	-514.75
2024-02	9	2417.40	324.30	425.70	901.20	765.90	0.00	2163.85	148918.01	0.01500000	0.00500000	NULL	1508.29	-655.56
2024-02	10	267.30	30.00	41.10	102.60	93.30	0.00	229.59	7.00	32.80000000	NULL	NULL	32.80	-196.79
2024-02	11	1664.80	305.20	418.40	713.20	228.00	0.00	1719.52	6.00	286.59000000	NULL	NULL	286.59	-1432.93
2024-02	12	1664.80	305.20	418.40	713.20	228.00	0.00	NULL	18.00	482.12000000	286.59000000	NULL	NULL	NULL
2024-02	13	103.80	19.80	26.00	36.40	21.80	0.00	104.46	148918.01	0.00800000	0.00700000	NULL	804.38	699.92
2024-02	14	318.90	33.60	51.02	144.88	89.10	0.00	283.40	6.50	43.60000000	NULL	NULL	43.61	-239.79
2024-02	15	1065.90	0.00	166.78	899.12	0.00	0.00	1019.75	148918.01	0.00700000	NULL	NULL	0.00	-1019.75
2024-02	16	1207.54	194.40	403.20	343.14	266.40	0.00	1238.78	5.70	217.33000000	NULL	NULL	217.33	-1021.45
2024-02	17	670.06	0.00	0.00	0.00	0.00	0.00	NULL	148918.01	0.00000000	NULL	NULL	NULL	NULL
2024-02	18	777.40	79.00	120.80	353.00	224.40	0.00	685.09	148918.01	0.00500000	NULL	NULL	502.79	-182.30
2024-02	19	2152.40	165.60	250.80	849.60	886.40	0.00	1717.05	NULL	NULL	NULL	NULL	0.00	-1717.05
2024-02	20	546.40	31.50	209.70	220.60	84.60	0.00	561.96	7.00	80.28000000	NULL	NULL	80.27	-481.69
2024-02	21	800.00	0.00	0.00	800.00	0.00	0.00	704.62	148918.01	0.00500000	NULL	NULL	0.00	-704.62
2024-02	22	1008.50	162.50	236.00	409.50	201.00	0.00	995.74	6.00	165.96000000	NULL	NULL	165.96	-829.78
2024-02	23	152.06	0.00	0.00	-320.34	0.00	-670.00	169.42	NULL	169.42000000	NULL	1.11416875	0.00	-169.42
2024-02	24	520.82	0.00	0.00	-320.34	0.00	0.00	580.28	NULL	NULL	NULL	1.11416875	0.00	-580.28
2024-02	25	2683.80	0.00	0.00	0.00	0.00	0.00	2990.21	80000.00	0.04000000	NULL	1.11416875	3482.89	492.68
2024-02	26	0.00	0.00	0.00	0.00	0.00	0.00	0.00	NULL	0.00000000	NULL	1.11416875	0.00	0.00
2024-02	27	0.01	0.00	0.00	0.00	0.00	0.00	0.01	NULL	0.01000000	NULL	1.11416875	0.01	0.00
2024-02	28	27.92	0.00	0.00	0.00	0.00	0.00	31.11	1734.73	0.02000000	NULL	1.11416875	26.47	-4.64
2024-02	29	83.42	0.00	0.00	0.00	0.00	0.00	92.94	2293.34	0.04000000	NULL	1.11416875	94.70	1.76
2024-02	30	0.00	0.00	0.00	0.00	0.00	0.00	0.00	NULL	0.00000000	NULL	1.11416875	0.00	0.00
2024-02	31	0.00	0.00	0.00	0.00	0.00	0.00	0.00	NULL	0.00000000	NULL	1.11416875	0.00	0.00
2024-02	32	0.00	0.00	0.00	0.00	0.00	0.00	0.00	579.13	0.00000000	NULL	1.11416875	0.00	0.00
2024-02	33	40.76	0.00	0.00	0.00	0.00	0.00	45.41	734.02	0.06000000	NULL	1.11416875	44.05	-1.36
2024-02	34	7.65	0.00	0.00	0.00	0.00	0.00	8.52	734.02	0.01000000	NULL	1.11416875	7.33	-1.19
2024-02	35	0.00	0.00	0.00	0.00	0.00	0.00	0.00	NULL	0.00000000	NULL	1.11416875	0.00	0.00
2024-02	36	106.71	0.00	0.00	0.00	0.00	0.00	118.89	NULL	118.89000000	NULL	1.11416875	118.89	0.00
2024-02	37	45.40	0.00	0.00	0.00	0.00	0.00	50.58	1417.26	0.04000000	NULL	1.11416875	185.15	134.57
2024-02	38	9.57	0.00	0.00	0.00	0.00	0.00	10.66	1417.26	0.01000000	NULL	1.11416875	46.30	35.64
2024-02	39	0.00	0.00	0.00	0.00	0.00	0.00	0.00	NULL	0.00000000	NULL	1.11416875	0.00	0.00
2024-02	40	907.57	0.00	0.00	0.00	0.00	0.00	1011.18	12487.04	0.08000000	NULL	1.11416875	0.00	-1011.18
2024-02	41	NULL	NULL	NULL	NULL	NULL	0.00	NULL	NULL	NULL	NULL	NULL	NULL	NULL
2024-02	42	153.17	17.55	32.85	68.06	34.71	0.00	170.66	NULL	170.66000000	NULL	1.11416875	170.66	0.00
2024-02	43	0.00	0.00	0.00	0.00	0.00	0.00	0.00	NULL	0.00000000	NULL	1.11416875	0.00	0.00
2024-02	44	0.00	0.00	0.00	0.00	0.00	0.00	0.00	NULL	0.00000000	NULL	1.11416875	0.00	0.00
2024-02	45	18.00	0.00	0.00	0.00	0.00	0.00	20.06	NULL	20.06000000	NULL	1.11416875	20.06	0.00
2024-02	46	12.00	0.00	0.00	0.00	0.00	0.00	13.37	NULL	13.37000000	NULL	1.11416875	13.37	0.00
2024-02	47	0.00	0.00	0.00	0.00	0.00	0.00	0.00	NULL	0.00000000	NULL	1.11416875	0.00	0.00
2024-02	48	5.00	0.00	0.00	0.00	0.00	0.00	5.57	NULL	5.57000000	NULL	1.11416875	5.57	0.00
2024-02	49	296.80	0.00	0.00	0.00	0.00	0.00	330.68	4.00	82.67000000	NULL	1.11416875	330.69	0.01
2024-02	50	644.50	0.00	0.00	0.00	0.00	170.00	718.08	3.00	302.50000000	NULL	1.11416875	302.50	-415.58
2024-02	51	NULL	NULL	NULL	NULL	NULL	0.00	NULL	NULL	NULL	NULL	NULL	NULL	NULL
2024-02	52	0.00	0.00	0.00	0.00	0.00	0.00	0.00	NULL	0.00000000	NULL	1.11416875	0.00	0.00
2024-02	53	26.48	0.00	0.00	0.00	0.00	0.00	29.50	1503.10	0.02000000	NULL	1.11416875	0.00	-29.50
2024-02	54	6.86	0.00	1.51	0.00	1.65	0.00	7.64	1503.10	0.01000000	NULL	1.11416875	0.00	-7.64
2024-02	55	0.00	0.00	0.00	0.00	0.00	0.00	0.00	NULL	0.00000000	NULL	1.11416875	0.00	0.00
2024-02	56	0.00	0.00	0.00	0.00	0.00	0.00	0.00	NULL	0.00000000	NULL	1.11416875	0.00	0.00
2024-02	57	9.00	0.00	0.00	0.00	0.00	0.00	10.03	NULL	10.03000000	NULL	1.11416875	10.03	0.00
2024-02	58	35.00	0.00	0.00	0.00	0.00	0.00	38.99	4.00	9.75000000	NULL	1.11416875	0.00	-38.99
2024-02	59	341.44	0.00	0.00	0.00	0.00	100.00	380.42	3.00	163.95000000	NULL	1.11416875	0.00	-380.42
2024-02	60	163.30	0.00	0.00	0.00	0.00	0.00	181.94	3.00	60.65000000	NULL	1.11416875	0.00	-181.94
2024-02	61	0.00	0.00	0.00	0.00	0.00	0.00	0.00	NULL	0.00000000	NULL	1.11416875	0.00	0.00
2024-02	62	0.00	0.00	0.00	0.00	0.00	0.00	0.00	NULL	0.00000000	NULL	1.11416875	0.00	0.00
2024-02	63	0.00	0.00	0.00	0.00	0.00	0.00	0.00	NULL	0.00000000	NULL	1.11416875	0.00	0.00
2024-02	64	0.00	0.00	0.00	0.00	0.00	0.00	0.00	NULL	0.00000000	NULL	1.11416875	0.00	0.00
2024-02	65	0.00	0.00	0.00	0.00	0.00	0.00	0.00	NULL	0.00000000	NULL	1.11416875	0.00	0.00
2024-02	66	0.00	0.00	0.00	0.00	0.00	0.00	0.00	NULL	0.00000000	NULL	1.11416875	0.00	0.00
2024-02	67	0.00	0.00	0.00	0.00	0.00	0.00	0.00	NULL	0.00000000	NULL	1.11416875	0.00	0.00
2024-02	68	26.00	0.00	0.00	0.00	0.00	0.00	28.97	4.00	7.24000000	NULL	1.11416875	0.00	-28.97
2024-02	69	363.10	0.00	0.00	0.00	0.00	100.00	404.55	3.00	171.99000000	NULL	1.11416875	171.99	-232.56
2024-02	70	551.10	0.00	0.00	0.00	0.00	100.00	614.02	3.00	241.81000000	NULL	1.11416875	241.81	-372.21
2024-02	71	0.00	0.00	0.00	0.00	0.00	0.00	0.00	NULL	0.00000000	NULL	1.11416875	0.00	0.00
2024-02	72	0.00	0.00	0.00	0.00	0.00	0.00	0.00	NULL	0.00000000	NULL	1.11416875	0.00	0.00
2024-02	73	0.00	0.00	0.00	0.00	0.00	0.00	0.00	NULL	0.00000000	NULL	1.11416875	0.00	0.00
2024-02	74	0.00	0.00	0.00	0.00	0.00	0.00	0.00	NULL	0.00000000	NULL	1.11416875	0.00	0.00
2024-02	75	0.00	0.00	0.00	0.00	0.00	0.00	0.00	NULL	0.00000000	NULL	1.11416875	0.00	0.00
2024-02	76	0.00	0.00	0.00	0.00	0.00	0.00	0.00	NULL	0.00000000	NULL	1.11416875	0.00	0.00
2024-02	77	24.60	0.00	0.00	0.00	0.00	0.00	27.41	4.00	6.85000000	NULL	1.11416875	30.83	3.42
2024-02	78	135.00	0.00	0.00	0.00	0.00	0.00	150.41	3.00	50.14000000	NULL	1.11416875	50.14	-100.27
2024-02	79	152.90	0.00	0.00	0.00	0.00	0.00	170.36	3.00	56.79000000	NULL	1.11416875	56.79	-113.57
2024-02	80	0.00	0.00	0.00	0.00	0.00	0.00	0.00	NULL	0.00000000	NULL	1.11416875	0.00	0.00
2024-02	81	0.00	0.00	0.00	0.00	0.00	0.00	0.00	NULL	0.00000000	NULL	1.11416875	0.00	0.00
2024-02	82	0.00	0.00	0.00	0.00	0.00	0.00	0.00	NULL	0.00000000	NULL	1.11416875	0.00	0.00
2024-02	83	0.00	0.00	0.00	0.00	0.00	0.00	0.00	NULL	0.00000000	NULL	1.11416875	0.00	0.00
2024-02	84	0.00	0.00	0.00	0.00	0.00	0.00	0.00	NULL	0.00000000	NULL	1.11416875	0.00	0.00
2024-02	85	0.00	0.00	0.00	0.00	0.00	0.00	0.00	NULL	0.00000000	NULL	1.11416875	0.00	0.00
2024-02	86	0.00	0.00	0.00	0.00	0.00	0.00	0.00	NULL	0.00000000	NULL	1.11416875	0.00	0.00
2024-02	87	19.53	0.00	0.00	0.00	0.00	0.00	21.76	4.00	5.44000000	NULL	1.11416875	5.44	-16.32
2024-02	88	169.10	0.00	0.00	0.00	0.00	0.00	188.41	3.00	62.80000000	NULL	1.11416875	0.00	-188.41
2024-02	89	176.67	0.00	0.00	0.00	0.00	200.00	196.84	3.00	139.89000000	NULL	1.11416875	0.00	-196.84
2024-02	90	860.93	0.00	0.00	0.00	0.00	0.00	974.20	15510.00	0.06000000	NULL	1.13156875	635.12	-339.08
2024-02	91	84.00	0.00	0.00	0.00	0.00	0.00	373.80	15510.00	0.02000000	NULL	4.45000000	211.71	-162.09
